Date	Unit	Country	Volume
2005	mln units	Austria	0.307915
2005	mln units	Belgium	0.480088
2005	mln units	Bulgaria	0.025956
2005	mln units	Croatia	0.070541
2005	mln units	Czech Republic	0.151699
2005	mln units	Denmark	0.148819
2005	mln units	Finland	0.148161
2005	mln units	France	2.118042
2005	mln units	Germany	3.319259
2005	mln units	Greece	0.269728
2005	mln units	Hungary	0.198982
2005	mln units	Ireland	0.171742
2005	mln units	Italy	2.244108
2005	mln units	Netherlands	0.465196
2005	mln units	Norway	0.109907
2005	mln units	Poland	0.207007
2005	mln units	Portugal	0.206488
2005	mln units	Romania	0.214967
2005	mln units	Slovakia	0.056916
2005	mln units	Spain	1.528877
2005	mln units	Sweden	0.274301
2005	mln units	Switzerland	0.26677
2005	mln units	United Kingdom	2.439717
2005	mln units	Iceland	0.01806
2005	mln units	Luxembourg	0.048517
2005	mln units	Cyprus	0.017687
2005	mln units	Estonia	0.01964
2005	mln units	Latvia	0.010467
2005	mln units	Lithuania	0.016602
2005	mln units	Malta	0.006552
2005	mln units	Slovenia	0.059324
2005	mln units	Albania	8e-04
2005	mln units	Armenia	0.011
2005	mln units	Belarus	0.009
2005	mln units	Bosnia	0.01
2005	mln units	Georgia	0.0015
2005	mln units	Macedonia	0.0093
2005	mln units	Moldavia	0.004
2005	mln units	Russia	1.520225
2005	mln units	Serbia	0.021603
2005	mln units	Turkey	0.438597
2005	mln units	Ukraine	0.258395
2005	mln units	Canada	0.847436
2005	mln units	Mexico	0.71401
2005	mln units	United States	7.659983
2005	mln units	Argentina	0.290648
2005	mln units	Bahamas	0.0025
2005	mln units	Belize	1e-04
2005	mln units	Bolivia	0.001
2005	mln units	Brazil	1.439822
2005	mln units	Chile	0.14
2005	mln units	Colombia	0.12
2005	mln units	Costa Rica	0.013
2005	mln units	Cuba	0.002
2005	mln units	Dominican Republic	0.006163
2005	mln units	Ecuador	0.054342
2005	mln units	El Salvador	0.004
2005	mln units	Guadeloupe	0.014359
2005	mln units	Guatemala	0.0081
2005	mln units	Guyana	0.004085
2005	mln units	Honduras	0.0048
2005	mln units	Jamaica	0.003
2005	mln units	Martinique	0.014749
2005	mln units	Nicaragua	0.003
2005	mln units	Panama	0.01
2005	mln units	Paraguay	0.003
2005	mln units	Peru	0.014231
2005	mln units	Puerto Rico	0.096
2005	mln units	Trinidad	0.01
2005	mln units	Uruguay	0.01
2005	mln units	Venezuela	0.128601
2005	mln units	Australia	0.789096
2005	mln units	Azerbaijan	0.0121
2005	mln units	Bahrain	0.018
2005	mln units	Bangladesh	0.0065
2005	mln units	Brunei	0.015
2005	mln units	Cambodia	0.001
2005	mln units	China	3.971101
2005	mln units	Hong Kong	0.027483
2005	mln units	India	1.106863
2005	mln units	Indonesia	0.364319
2005	mln units	Iraq	0.002
2005	mln units	Iran	0.73
2005	mln units	Israel	0.13
2005	mln units	Japan	4.748482
2005	mln units	Jordan	0.01
2005	mln units	Kazakhstan	0.0398
2005	mln units	Kyrgyzstan	0.005
2005	mln units	Kuwait	0.05
2005	mln units	Laos	0.001
2005	mln units	Lebanon	0.015
2005	mln units	Malaysia	0.410892
2005	mln units	Mongolia	5e-04
2005	mln units	Myanmar	0.001
2005	mln units	Nepal	0.001
2005	mln units	New Caledonia	0.007397
2005	mln units	New Zealand	0.077825
2005	mln units	Oman	0.1475
2005	mln units	Pakistan	0.141326
2005	mln units	Palestine	0.0135
2005	mln units	Philippines	0.035063
2005	mln units	Qatar	0.0611
2005	mln units	Saudi Arabia	0.407
2005	mln units	Singapore	0.109167
2005	mln units	South Korea	0.893159
2005	mln units	Sri Lanka	0.0026
2005	mln units	Syria	0.032985
2005	mln units	Tajikistan	0.0053
2005	mln units	Tahiti	0.0052
2005	mln units	Taiwan	0.32584
2005	mln units	Thailand	0.178291
2005	mln units	Turkmenistan	0.0039
2005	mln units	United Arab Emirates	0.137
2005	mln units	Uzbekistan	0.0285
2005	mln units	Vietnam	0.024888
2005	mln units	Yemen	0.004
2005	mln units	Algeria	0.071046
2005	mln units	Angola	0.006
2005	mln units	Botswana	0.0013
2005	mln units	Burkina Faso	5e-04
2005	mln units	Burundi	5e-04
2005	mln units	Cameroon	0.0013
2005	mln units	Democratic Republic of the Congo	2e-04
2005	mln units	Egypt	0.094538
2005	mln units	Gabon	8e-04
2005	mln units	Ghana	0.0025
2005	mln units	Ivory Coast	0.002
2005	mln units	Kenya	0.002
2005	mln units	Liberia	3e-04
2005	mln units	Libya	0.035
2005	mln units	Madagascar	0.00093
2005	mln units	Malawi	0.00093
2005	mln units	Mauritius	0.0029
2005	mln units	Morocco	0.056183
2005	mln units	Nigeria	0.016
2005	mln units	Reunion	0.025142
2005	mln units	Senegal	0.003
2005	mln units	South Africa	0.419868
2005	mln units	Sudan	0.002
2005	mln units	Tanzania	0.002
2005	mln units	Tunisia	0.025
2005	mln units	Uganda	0.003
2005	mln units	Zambia	0.0023
2005	mln units	Zimbabwe	0.007
2006	mln units	Austria	0.308594
2006	mln units	Belgium	0.526141
2006	mln units	Bulgaria	0.036455
2006	mln units	Croatia	0.078775
2006	mln units	Czech Republic	0.156686
2006	mln units	Denmark	0.156936
2006	mln units	Finland	0.1457
2006	mln units	France	2.045745
2006	mln units	Germany	3.467961
2006	mln units	Greece	0.267669
2006	mln units	Hungary	0.187676
2006	mln units	Ireland	0.178484
2006	mln units	Italy	2.335462
2006	mln units	Netherlands	0.483999
2006	mln units	Norway	0.109164
2006	mln units	Poland	0.224728
2006	mln units	Portugal	0.194702
2006	mln units	Romania	0.247411
2006	mln units	Slovakia	0.059084
2006	mln units	Spain	1.634608
2006	mln units	Sweden	0.282766
2006	mln units	Switzerland	0.269421
2006	mln units	United Kingdom	2.344864
2006	mln units	Iceland	0.017129
2006	mln units	Luxembourg	0.050837
2006	mln units	Cyprus	0.018639
2006	mln units	Estonia	0.025363
2006	mln units	Latvia	0.014234
2006	mln units	Lithuania	0.025582
2006	mln units	Malta	0.006745
2006	mln units	Slovenia	0.059578
2006	mln units	Albania	8e-04
2006	mln units	Armenia	0.012
2006	mln units	Belarus	0.013
2006	mln units	Bosnia	0.01
2006	mln units	Georgia	0.002
2006	mln units	Macedonia	0.01
2006	mln units	Moldavia	0.005
2006	mln units	Russia	1.91124
2006	mln units	Serbia	0.02561
2006	mln units	Turkey	0.373219
2006	mln units	Ukraine	0.361549
2006	mln units	Canada	0.858826
2006	mln units	Mexico	0.680946
2006	mln units	United States	7.761592
2006	mln units	Argentina	0.336296
2006	mln units	Bahamas	0.002
2006	mln units	Belize	2e-04
2006	mln units	Bolivia	0.0015
2006	mln units	Brazil	1.632947
2006	mln units	Chile	0.14
2006	mln units	Colombia	0.16
2006	mln units	Costa Rica	0.015
2006	mln units	Cuba	0.002
2006	mln units	Dominican Republic	0.007673
2006	mln units	Ecuador	0.0589
2006	mln units	El Salvador	0.006
2006	mln units	Guadeloupe	0.013562
2006	mln units	Guatemala	0.0094
2006	mln units	Guyana	0.004071
2006	mln units	Honduras	0.0056
2006	mln units	Jamaica	0.003
2006	mln units	Martinique	0.014132
2006	mln units	Nicaragua	0.006
2006	mln units	Panama	0.015
2006	mln units	Paraguay	0.005
2006	mln units	Peru	0.020061
2006	mln units	Puerto Rico	0.085
2006	mln units	Trinidad	0.01
2006	mln units	Uruguay	0.01
2006	mln units	Venezuela	0.184108
2006	mln units	Australia	0.769241
2006	mln units	Azerbaijan	0.013
2006	mln units	Bahrain	0.018
2006	mln units	Bangladesh	0.009
2006	mln units	Brunei	0.015
2006	mln units	Cambodia	0.001
2006	mln units	China	5.175961
2006	mln units	Hong Kong	0.027877
2006	mln units	India	1.311373
2006	mln units	Indonesia	0.222387
2006	mln units	Iraq	0.005
2006	mln units	Iran	0.85
2006	mln units	Israel	0.13
2006	mln units	Japan	4.612318
2006	mln units	Jordan	0.005
2006	mln units	Kazakhstan	0.039
2006	mln units	Kyrgyzstan	0.005
2006	mln units	Kuwait	0.065
2006	mln units	Laos	0.001
2006	mln units	Lebanon	0.015
2006	mln units	Malaysia	0.374169
2006	mln units	Mongolia	5e-04
2006	mln units	Myanmar	0.001
2006	mln units	Nepal	0.001
2006	mln units	New Caledonia	0.007251
2006	mln units	New Zealand	0.076804
2006	mln units	Oman	0.1447
2006	mln units	Pakistan	0.160256
2006	mln units	Palestine	0.0157
2006	mln units	Philippines	0.038131
2006	mln units	Qatar	0.0599
2006	mln units	Saudi Arabia	0.3993
2006	mln units	Singapore	0.116849
2006	mln units	South Korea	0.93265
2006	mln units	Sri Lanka	0.0028
2006	mln units	Syria	0.045467
2006	mln units	Tajikistan	0.0057
2006	mln units	Tahiti	0.0051
2006	mln units	Taiwan	0.21861
2006	mln units	Thailand	0.184544
2006	mln units	Turkmenistan	0.0042
2006	mln units	United Arab Emirates	0.15
2006	mln units	Uzbekistan	0.0311
2006	mln units	Vietnam	0.023335
2006	mln units	Yemen	0.0047
2006	mln units	Algeria	0.081803
2006	mln units	Angola	0.008
2006	mln units	Botswana	0.0013
2006	mln units	Burkina Faso	5e-04
2006	mln units	Burundi	5e-04
2006	mln units	Cameroon	0.0014
2006	mln units	Democratic Republic of the Congo	2e-04
2006	mln units	Egypt	0.132373
2006	mln units	Gabon	0.001
2006	mln units	Ghana	0.003
2006	mln units	Ivory Coast	0.0025
2006	mln units	Kenya	0.003
2006	mln units	Liberia	2e-04
2006	mln units	Libya	0.035
2006	mln units	Madagascar	0.0011
2006	mln units	Malawi	0.0011
2006	mln units	Mauritius	0.0035
2006	mln units	Morocco	0.075295
2006	mln units	Nigeria	0.022
2006	mln units	Reunion	0.022437
2006	mln units	Senegal	0.003
2006	mln units	South Africa	0.481558
2006	mln units	Sudan	0.002
2006	mln units	Tanzania	0.002
2006	mln units	Tunisia	0.03
2006	mln units	Uganda	0.0035
2006	mln units	Zambia	0.0027
2006	mln units	Zimbabwe	0.006
2007	mln units	Austria	0.298182
2007	mln units	Belgium	0.524795
2007	mln units	Bulgaria	0.043521
2007	mln units	Croatia	0.082664
2007	mln units	Czech Republic	0.174456
2007	mln units	Denmark	0.162686
2007	mln units	Finland	0.125608
2007	mln units	France	2.109672
2007	mln units	Germany	3.148163
2007	mln units	Greece	0.279745
2007	mln units	Hungary	0.171661
2007	mln units	Ireland	0.186325
2007	mln units	Italy	2.494115
2007	mln units	Netherlands	0.5043
2007	mln units	Norway	0.129195
2007	mln units	Poland	0.277427
2007	mln units	Portugal	0.201816
2007	mln units	Romania	0.312533
2007	mln units	Slovakia	0.0597
2007	mln units	Spain	1.614835
2007	mln units	Sweden	0.306794
2007	mln units	Switzerland	0.284674
2007	mln units	United Kingdom	2.404007
2007	mln units	Iceland	0.015942
2007	mln units	Luxembourg	0.051332
2007	mln units	Cyprus	0.022878
2007	mln units	Estonia	0.030912
2007	mln units	Latvia	0.021606
2007	mln units	Lithuania	0.032771
2007	mln units	Malta	0.00624
2007	mln units	Slovenia	0.068719
2007	mln units	Albania	0.0016
2007	mln units	Armenia	0.006
2007	mln units	Belarus	0.02
2007	mln units	Bosnia	0.015
2007	mln units	Georgia	0.006
2007	mln units	Macedonia	0.0102
2007	mln units	Moldavia	0.007
2007	mln units	Russia	2.51492
2007	mln units	Serbia	0.032772
2007	mln units	Turkey	0.357465
2007	mln units	Ukraine	0.500357
2007	mln units	Canada	0.841585
2007	mln units	Mexico	0.641394
2007	mln units	United States	7.562334
2007	mln units	Argentina	0.42223
2007	mln units	Bahamas	0.002
2007	mln units	Belize	1e-04
2007	mln units	Bolivia	0.0015
2007	mln units	Brazil	2.085718
2007	mln units	Chile	0.18
2007	mln units	Colombia	0.2
2007	mln units	Costa Rica	0.013
2007	mln units	Cuba	0.003
2007	mln units	Dominican Republic	0.006972
2007	mln units	Ecuador	0.058334
2007	mln units	El Salvador	0.008
2007	mln units	Guadeloupe	0.015539
2007	mln units	Guatemala	0.0121
2007	mln units	Guyana	0.004437
2007	mln units	Honduras	0.0071
2007	mln units	Jamaica	0.003
2007	mln units	Martinique	0.014666
2007	mln units	Nicaragua	0.006
2007	mln units	Panama	0.022
2007	mln units	Paraguay	0.006
2007	mln units	Peru	0.02843
2007	mln units	Puerto Rico	0.092
2007	mln units	Trinidad	0.005
2007	mln units	Uruguay	0.012
2007	mln units	Venezuela	0.267932
2007	mln units	Australia	0.835195
2007	mln units	Azerbaijan	0.015
2007	mln units	Bahrain	0.02
2007	mln units	Bangladesh	0.012
2007	mln units	Brunei	0.01
2007	mln units	Cambodia	0.0015
2007	mln units	China	6.297538
2007	mln units	Hong Kong	0.033462
2007	mln units	India	1.511812
2007	mln units	Indonesia	0.314769
2007	mln units	Iraq	0.004
2007	mln units	Iran	0.9
2007	mln units	Israel	0.2
2007	mln units	Japan	4.325508
2007	mln units	Jordan	0.005
2007	mln units	Kazakhstan	0.0394
2007	mln units	Kyrgyzstan	0.005
2007	mln units	Kuwait	0.07
2007	mln units	Laos	0.0015
2007	mln units	Lebanon	0.02
2007	mln units	Malaysia	0.442885
2007	mln units	Mongolia	0.001
2007	mln units	Myanmar	0.001
2007	mln units	Nepal	0.002
2007	mln units	New Caledonia	0.007717
2007	mln units	New Zealand	0.077454
2007	mln units	Oman	0.1463
2007	mln units	Pakistan	0.159457
2007	mln units	Palestine	0.0164
2007	mln units	Philippines	0.041107
2007	mln units	Qatar	0.0605
2007	mln units	Saudi Arabia	0.4036
2007	mln units	Singapore	0.110814
2007	mln units	South Korea	1.01079
2007	mln units	Sri Lanka	0.0029
2007	mln units	Syria	0.036
2007	mln units	Tajikistan	0.0058
2007	mln units	Tahiti	0.0054
2007	mln units	Taiwan	0.213327
2007	mln units	Thailand	0.172321
2007	mln units	Turkmenistan	0.0043
2007	mln units	United Arab Emirates	0.135
2007	mln units	Uzbekistan	0.0317
2007	mln units	Vietnam	0.040115
2007	mln units	Yemen	0.0048
2007	mln units	Algeria	0.097239
2007	mln units	Angola	0.0035
2007	mln units	Botswana	0.0017
2007	mln units	Burkina Faso	5e-04
2007	mln units	Burundi	6e-04
2007	mln units	Cameroon	0.0014
2007	mln units	Democratic Republic of the Congo	2e-04
2007	mln units	Egypt	0.179149
2007	mln units	Gabon	0.0012
2007	mln units	Ghana	0.0035
2007	mln units	Ivory Coast	0.002
2007	mln units	Kenya	0.002
2007	mln units	Liberia	3e-04
2007	mln units	Libya	0.036
2007	mln units	Madagascar	0.0011
2007	mln units	Malawi	0.0011
2007	mln units	Mauritius	0.004
2007	mln units	Morocco	0.090941
2007	mln units	Nigeria	0.007
2007	mln units	Reunion	0.024819
2007	mln units	Senegal	0.003
2007	mln units	South Africa	0.434653
2007	mln units	Sudan	0.0025
2007	mln units	Tanzania	0.002
2007	mln units	Tunisia	0.03
2007	mln units	Uganda	0.003
2007	mln units	Zambia	0.0028
2007	mln units	Zimbabwe	0.003
2008	mln units	Austria	0.293697
2008	mln units	Belgium	0.535947
2008	mln units	Bulgaria	0.045143
2008	mln units	Croatia	0.088265
2008	mln units	Czech Republic	0.182554
2008	mln units	Denmark	0.150199
2008	mln units	Finland	0.139669
2008	mln units	France	2.091369
2008	mln units	Germany	3.09004
2008	mln units	Greece	0.267295
2008	mln units	Hungary	0.153278
2008	mln units	Ireland	0.151607
2008	mln units	Italy	2.161359
2008	mln units	Netherlands	0.49998
2008	mln units	Norway	0.110617
2008	mln units	Poland	0.31919
2008	mln units	Portugal	0.213389
2008	mln units	Romania	0.285506
2008	mln units	Slovakia	0.07004
2008	mln units	Spain	1.161176
2008	mln units	Sweden	0.253982
2008	mln units	Switzerland	0.288525
2008	mln units	United Kingdom	2.131795
2008	mln units	Iceland	0.009033
2008	mln units	Luxembourg	0.052359
2008	mln units	Cyprus	0.022241
2008	mln units	Estonia	0.024579
2008	mln units	Latvia	0.022217
2008	mln units	Lithuania	0.019831
2008	mln units	Malta	0.005423
2008	mln units	Slovenia	0.071575
2008	mln units	Albania	0.0016
2008	mln units	Armenia	0.004
2008	mln units	Belarus	0.022
2008	mln units	Bosnia	0.013
2008	mln units	Georgia	0.008
2008	mln units	Macedonia	0.0105
2008	mln units	Moldavia	0.011
2008	mln units	Russia	2.897459
2008	mln units	Serbia	0.036177
2008	mln units	Turkey	0.305998
2008	mln units	Ukraine	0.599985
2008	mln units	Canada	0.87272
2008	mln units	Mexico	0.589045
2008	mln units	United States	6.769107
2008	mln units	Argentina	0.452539
2008	mln units	Bahamas	0.002
2008	mln units	Belize	2e-04
2008	mln units	Bolivia	0.0015
2008	mln units	Brazil	2.3413
2008	mln units	Chile	0.181523
2008	mln units	Colombia	0.18
2008	mln units	Costa Rica	0.015
2008	mln units	Cuba	0.003
2008	mln units	Dominican Republic	0.004708
2008	mln units	Ecuador	0.069556
2008	mln units	El Salvador	0.01
2008	mln units	Guadeloupe	0.014295
2008	mln units	Guatemala	0.0128
2008	mln units	Guyana	0.004357
2008	mln units	Honduras	0.008
2008	mln units	Jamaica	0.003
2008	mln units	Martinique	0.013679
2008	mln units	Nicaragua	0.006
2008	mln units	Panama	0.03
2008	mln units	Paraguay	0.012
2008	mln units	Peru	0.055312
2008	mln units	Puerto Rico	0.065
2008	mln units	Trinidad	0.01
2008	mln units	Uruguay	0.015
2008	mln units	Venezuela	0.135882
2008	mln units	Australia	0.791225
2008	mln units	Azerbaijan	0.015
2008	mln units	Bahrain	0.03
2008	mln units	Bangladesh	0.017
2008	mln units	Brunei	0.015
2008	mln units	Cambodia	0.0015
2008	mln units	China	6.755609
2008	mln units	Hong Kong	0.035182
2008	mln units	India	1.545414
2008	mln units	Indonesia	0.425267
2008	mln units	Iraq	0.02
2008	mln units	Iran	1
2008	mln units	Israel	0.17
2008	mln units	Japan	4.184266
2008	mln units	Jordan	0.009
2008	mln units	Kazakhstan	0.039
2008	mln units	Kyrgyzstan	0.004
2008	mln units	Kuwait	0.08
2008	mln units	Laos	0.002
2008	mln units	Lebanon	0.033
2008	mln units	Malaysia	0.497459
2008	mln units	Mongolia	0.003
2008	mln units	Myanmar	0.0012
2008	mln units	Nepal	0.0015
2008	mln units	New Caledonia	0.007853
2008	mln units	New Zealand	0.073397
2008	mln units	Oman	0.145
2008	mln units	Pakistan	0.127863
2008	mln units	Palestine	0.0184
2008	mln units	Philippines	0.044313
2008	mln units	Qatar	0.06
2008	mln units	Saudi Arabia	0.4
2008	mln units	Singapore	0.100979
2008	mln units	South Korea	1.017595
2008	mln units	Sri Lanka	0.003
2008	mln units	Syria	0.042
2008	mln units	Tajikistan	0.006
2008	mln units	Tahiti	0.005
2008	mln units	Taiwan	0.141161
2008	mln units	Thailand	0.226805
2008	mln units	Turkmenistan	0.0045
2008	mln units	United Arab Emirates	0.191544
2008	mln units	Uzbekistan	0.043
2008	mln units	Vietnam	0.050877
2008	mln units	Yemen	0.005
2008	mln units	Algeria	0.111753
2008	mln units	Angola	0.0035
2008	mln units	Botswana	0.002
2008	mln units	Burkina Faso	6e-04
2008	mln units	Burundi	7e-04
2008	mln units	Cameroon	0.0014
2008	mln units	Democratic Republic of the Congo	5e-04
2008	mln units	Egypt	0.203729
2008	mln units	Gabon	0.0025
2008	mln units	Ghana	0.0035
2008	mln units	Ivory Coast	0.0025
2008	mln units	Kenya	0.002
2008	mln units	Liberia	3e-04
2008	mln units	Libya	0.037
2008	mln units	Madagascar	0.001
2008	mln units	Malawi	0.001
2008	mln units	Mauritius	0.004
2008	mln units	Morocco	0.102095
2008	mln units	Nigeria	0.007
2008	mln units	Reunion	0.023267
2008	mln units	Senegal	0.003
2008	mln units	South Africa	0.329262
2008	mln units	Sudan	0.003
2008	mln units	Tanzania	0.002
2008	mln units	Tunisia	0.033
2008	mln units	Uganda	0.003
2008	mln units	Zambia	0.0026
2008	mln units	Zimbabwe	0.003
2009	mln units	Austria	0.319403
2009	mln units	Belgium	0.476194
2009	mln units	Bulgaria	0.022869
2009	mln units	Croatia	0.044918
2009	mln units	Czech Republic	0.167708
2009	mln units	Denmark	0.112454
2009	mln units	Finland	0.090574
2009	mln units	France	2.302398
2009	mln units	Germany	3.807175
2009	mln units	Greece	0.21973
2009	mln units	Hungary	0.060189
2009	mln units	Ireland	0.057453
2009	mln units	Italy	2.159465
2009	mln units	Netherlands	0.387699
2009	mln units	Norway	0.098675
2009	mln units	Poland	0.27622
2009	mln units	Portugal	0.161013
2009	mln units	Romania	0.116016
2009	mln units	Slovakia	0.074717
2009	mln units	Spain	0.952772
2009	mln units	Sweden	0.213408
2009	mln units	Switzerland	0.266018
2009	mln units	United Kingdom	1.994999
2009	mln units	Iceland	0.002113
2009	mln units	Luxembourg	0.047265
2009	mln units	Cyprus	0.014981
2009	mln units	Estonia	0.009946
2009	mln units	Latvia	0.007515
2009	mln units	Lithuania	0.005367
2009	mln units	Malta	0.005894
2009	mln units	Slovenia	0.057967
2009	mln units	Albania	0.001
2009	mln units	Armenia	0.004
2009	mln units	Belarus	0.012
2009	mln units	Bosnia	0.012
2009	mln units	Georgia	0.001
2009	mln units	Macedonia	0.006
2009	mln units	Moldavia	0.004
2009	mln units	Russia	1.465742
2009	mln units	Serbia	0.03
2009	mln units	Turkey	0.369819
2009	mln units	Ukraine	0.170085
2009	mln units	Canada	0.729023
2009	mln units	Mexico	0.43912
2009	mln units	United States	5.40089
2009	mln units	Argentina	0.373231
2009	mln units	Bahamas	0.0035
2009	mln units	Belize	0.00015
2009	mln units	Bolivia	0.001
2009	mln units	Brazil	2.643862
2009	mln units	Chile	0.130753
2009	mln units	Colombia	0.17
2009	mln units	Costa Rica	0.012
2009	mln units	Cuba	0.0015
2009	mln units	Dominican Republic	0.001563
2009	mln units	Ecuador	0.060596
2009	mln units	El Salvador	0.002
2009	mln units	Guadeloupe	0.014084
2009	mln units	Guatemala	0.013
2009	mln units	Guyana	0.004446
2009	mln units	Honduras	0.006
2009	mln units	Jamaica	0.004
2009	mln units	Martinique	0.013142
2009	mln units	Nicaragua	0.004
2009	mln units	Panama	0.025
2009	mln units	Paraguay	0.007
2009	mln units	Peru	0.048775
2009	mln units	Puerto Rico	0.065
2009	mln units	Trinidad	0.01
2009	mln units	Uruguay	0.03
2009	mln units	Venezuela	0.067047
2009	mln units	Australia	0.728715
2009	mln units	Azerbaijan	0.01
2009	mln units	Bahrain	0.028
2009	mln units	Bangladesh	0.0215
2009	mln units	Brunei	0.01
2009	mln units	Cambodia	0.0015
2009	mln units	China	10.331315
2009	mln units	Hong Kong	0.028797
2009	mln units	India	1.816878
2009	mln units	Indonesia	0.359367
2009	mln units	Iraq	0.035
2009	mln units	Iran	1.1
2009	mln units	Israel	0.16
2009	mln units	Japan	3.90531
2009	mln units	Jordan	0.0105
2009	mln units	Kazakhstan	0.04
2009	mln units	Kyrgyzstan	0.0045
2009	mln units	Kuwait	0.09
2009	mln units	Laos	0.003
2009	mln units	Lebanon	0.032
2009	mln units	Malaysia	0.486342
2009	mln units	Mongolia	0.003
2009	mln units	Myanmar	0.0015
2009	mln units	Nepal	0.002
2009	mln units	New Caledonia	0.007246
2009	mln units	New Zealand	0.054404
2009	mln units	Oman	0.105
2009	mln units	Pakistan	0.094437
2009	mln units	Palestine	0.0134
2009	mln units	Philippines	0.046111
2009	mln units	Qatar	0.04
2009	mln units	Saudi Arabia	0.39
2009	mln units	Singapore	0.073183
2009	mln units	South Korea	1.221118
2009	mln units	Sri Lanka	0.003
2009	mln units	Syria	0.046
2009	mln units	Tajikistan	0.007
2009	mln units	Tahiti	0.0035
2009	mln units	Taiwan	0.187262
2009	mln units	Thailand	0.230037
2009	mln units	Turkmenistan	0.0045
2009	mln units	United Arab Emirates	0.090238
2009	mln units	Uzbekistan	0.045
2009	mln units	Vietnam	0.062722
2009	mln units	Yemen	0.005
2009	mln units	Algeria	0.131259
2009	mln units	Angola	0.01
2009	mln units	Botswana	0.0019
2009	mln units	Burkina Faso	0.00055
2009	mln units	Burundi	7e-04
2009	mln units	Cameroon	0.0014
2009	mln units	Democratic Republic of the Congo	0.0015
2009	mln units	Egypt	0.158926
2009	mln units	Gabon	0.002
2009	mln units	Ghana	0.0045
2009	mln units	Ivory Coast	0.003
2009	mln units	Kenya	0.005
2009	mln units	Liberia	2e-04
2009	mln units	Libya	0.0375
2009	mln units	Madagascar	9e-04
2009	mln units	Malawi	0.001
2009	mln units	Mauritius	0.003
2009	mln units	Morocco	0.093761
2009	mln units	Nigeria	0.034
2009	mln units	Reunion	0.020935
2009	mln units	Senegal	0.004
2009	mln units	South Africa	0.258129
2009	mln units	Sudan	0.007
2009	mln units	Tanzania	0.002
2009	mln units	Tunisia	0.035
2009	mln units	Uganda	0.003
2009	mln units	Zambia	0.003
2009	mln units	Zimbabwe	0.003
2010	mln units	Austria	0.328563
2010	mln units	Belgium	0.54734
2010	mln units	Bulgaria	0.016257
2010	mln units	Croatia	0.038587
2010	mln units	Czech Republic	0.16958
2010	mln units	Denmark	0.153858
2010	mln units	Finland	0.111968
2010	mln units	France	2.251669
2010	mln units	Germany	2.916259
2010	mln units	Greece	0.141501
2010	mln units	Hungary	0.043476
2010	mln units	Ireland	0.088446
2010	mln units	Italy	1.96158
2010	mln units	Netherlands	0.482531
2010	mln units	Norway	0.127754
2010	mln units	Poland	0.315855
2010	mln units	Portugal	0.223464
2010	mln units	Romania	0.094441
2010	mln units	Slovakia	0.064033
2010	mln units	Spain	0.982015
2010	mln units	Sweden	0.289684
2010	mln units	Switzerland	0.294239
2010	mln units	United Kingdom	2.030846
2010	mln units	Iceland	0.003106
2010	mln units	Luxembourg	0.049726
2010	mln units	Cyprus	0.014088
2010	mln units	Estonia	0.010295
2010	mln units	Latvia	0.00797
2010	mln units	Lithuania	0.006365
2010	mln units	Malta	0.004056
2010	mln units	Slovenia	0.061142
2010	mln units	Albania	0.0016
2010	mln units	Armenia	0.004
2010	mln units	Belarus	0.015
2010	mln units	Bosnia	0.01
2010	mln units	Georgia	0.004
2010	mln units	Macedonia	0.0085
2010	mln units	Moldavia	0.005
2010	mln units	Russia	1.912794
2010	mln units	Serbia	0.028951
2010	mln units	Turkey	0.509784
2010	mln units	Ukraine	0.16954
2010	mln units	Canada	0.694349
2010	mln units	Mexico	0.503748
2010	mln units	United States	5.635432
2010	mln units	Argentina	0.522591
2010	mln units	Bahamas	0.002
2010	mln units	Belize	1e-04
2010	mln units	Bolivia	0.008
2010	mln units	Brazil	2.85654
2010	mln units	Chile	0.212336
2010	mln units	Colombia	0.25
2010	mln units	Costa Rica	0.02
2010	mln units	Cuba	0.002
2010	mln units	Dominican Republic	0.00204
2010	mln units	Ecuador	0.09025
2010	mln units	El Salvador	0.003
2010	mln units	Guadeloupe	0.01348
2010	mln units	Guatemala	0.0141
2010	mln units	Guyana	0.004393
2010	mln units	Honduras	0.001
2010	mln units	Jamaica	0.002
2010	mln units	Martinique	0.013187
2010	mln units	Nicaragua	0.003
2010	mln units	Panama	0.03
2010	mln units	Paraguay	0.011
2010	mln units	Peru	0.073858
2010	mln units	Puerto Rico	0.045
2010	mln units	Trinidad	0.01
2010	mln units	Uruguay	0.04
2010	mln units	Venezuela	0.06821
2010	mln units	Australia	0.827407
2010	mln units	Azerbaijan	0.013
2010	mln units	Bahrain	0.029
2010	mln units	Bangladesh	0.0207
2010	mln units	Brunei	0.01
2010	mln units	Cambodia	0.0015
2010	mln units	China	13.757794
2010	mln units	Hong Kong	0.041638
2010	mln units	India	2.387197
2010	mln units	Indonesia	0.541475
2010	mln units	Iraq	0.065
2010	mln units	Iran	1.410403
2010	mln units	Israel	0.2
2010	mln units	Japan	4.203181
2010	mln units	Jordan	0.01
2010	mln units	Kazakhstan	0.024
2010	mln units	Kyrgyzstan	0.004
2010	mln units	Kuwait	0.09
2010	mln units	Laos	0.004
2010	mln units	Lebanon	0.033
2010	mln units	Malaysia	0.543594
2010	mln units	Mongolia	0.003
2010	mln units	Myanmar	0.0018
2010	mln units	Nepal	0.001
2010	mln units	New Caledonia	0.007354
2010	mln units	New Zealand	0.062029
2010	mln units	Oman	0.115
2010	mln units	Pakistan	0.130038
2010	mln units	Palestine	0.0174
2010	mln units	Philippines	0.059623
2010	mln units	Qatar	0.04
2010	mln units	Saudi Arabia	0.45
2010	mln units	Singapore	0.047273
2010	mln units	South Korea	1.237482
2010	mln units	Sri Lanka	0.002
2010	mln units	Syria	0.078147
2010	mln units	Tajikistan	0.0065
2010	mln units	Tahiti	0.0035
2010	mln units	Taiwan	0.2083
2010	mln units	Thailand	0.346644
2010	mln units	Turkmenistan	0.0045
2010	mln units	United Arab Emirates	0.136979
2010	mln units	Uzbekistan	0.0435
2010	mln units	Vietnam	0.057778
2010	mln units	Yemen	0.002
2010	mln units	Algeria	0.097765
2010	mln units	Angola	0.02
2010	mln units	Botswana	0.0021
2010	mln units	Burkina Faso	7e-04
2010	mln units	Burundi	3e-04
2010	mln units	Cameroon	0.0014
2010	mln units	Democratic Republic of the Congo	0.0015
2010	mln units	Egypt	0.192848
2010	mln units	Gabon	0.002
2010	mln units	Ghana	0.004
2010	mln units	Ivory Coast	0.0035
2010	mln units	Kenya	0.004
2010	mln units	Liberia	3e-04
2010	mln units	Libya	0.038
2010	mln units	Madagascar	9e-04
2010	mln units	Malawi	0.0015
2010	mln units	Mauritius	0.004
2010	mln units	Morocco	0.091119
2010	mln units	Nigeria	0.025
2010	mln units	Reunion	0.020295
2010	mln units	Senegal	0.004
2010	mln units	South Africa	0.33713
2010	mln units	Sudan	0.002
2010	mln units	Tanzania	0.002
2010	mln units	Tunisia	0.045
2010	mln units	Uganda	0.003
2010	mln units	Zambia	0.002
2010	mln units	Zimbabwe	0.002
2011	mln units	Austria	0.356145
2011	mln units	Belgium	0.572211
2011	mln units	Bulgaria	0.01925
2011	mln units	Croatia	0.041561
2011	mln units	Czech Republic	0.173595
2011	mln units	Denmark	0.170036
2011	mln units	Finland	0.126123
2011	mln units	France	2.204229
2011	mln units	Germany	3.173634
2011	mln units	Greece	0.09768
2011	mln units	Hungary	0.045094
2011	mln units	Ireland	0.089911
2011	mln units	Italy	1.74974
2011	mln units	Netherlands	0.555812
2011	mln units	Norway	0.138345
2011	mln units	Poland	0.277427
2011	mln units	Portugal	0.153404
2011	mln units	Romania	0.081709
2011	mln units	Slovakia	0.068203
2011	mln units	Spain	0.808051
2011	mln units	Sweden	0.304984
2011	mln units	Switzerland	0.318958
2011	mln units	United Kingdom	1.941253
2011	mln units	Iceland	0.005038
2011	mln units	Luxembourg	0.049881
2011	mln units	Cyprus	0.01348
2011	mln units	Estonia	0.01707
2011	mln units	Latvia	0.013234
2011	mln units	Lithuania	0.01098
2011	mln units	Malta	0.005428
2011	mln units	Slovenia	0.060193
2011	mln units	Albania	0.0021
2011	mln units	Armenia	0.004
2011	mln units	Belarus	0.015
2011	mln units	Bosnia	0.01
2011	mln units	Georgia	0.003
2011	mln units	Macedonia	0.0085
2011	mln units	Moldavia	0.0055
2011	mln units	Russia	2.653688
2011	mln units	Serbia	0.022181
2011	mln units	Turkey	0.593519
2011	mln units	Ukraine	0.207453
2011	mln units	Canada	0.681956
2011	mln units	Mexico	0.592101
2011	mln units	United States	6.089403
2011	mln units	Argentina	0.673853
2011	mln units	Bahamas	0.002
2011	mln units	Belize	1e-04
2011	mln units	Bolivia	0.0095
2011	mln units	Brazil	2.901647
2011	mln units	Chile	0.245116
2011	mln units	Colombia	0.25
2011	mln units	Costa Rica	0.03
2011	mln units	Cuba	0.003
2011	mln units	Dominican Republic	0.002886
2011	mln units	Ecuador	0.094297
2011	mln units	El Salvador	0.003
2011	mln units	Guadeloupe	0.013695
2011	mln units	Guatemala	0.015
2011	mln units	Guyana	0.004719
2011	mln units	Honduras	0.001
2011	mln units	Jamaica	0.002
2011	mln units	Martinique	0.012976
2011	mln units	Nicaragua	0.003
2011	mln units	Panama	0.035
2011	mln units	Paraguay	0.02
2011	mln units	Peru	0.093055
2011	mln units	Puerto Rico	0.055
2011	mln units	Trinidad	0.01
2011	mln units	Uruguay	0.038308
2011	mln units	Venezuela	0.065339
2011	mln units	Australia	0.80345
2011	mln units	Azerbaijan	0.01
2011	mln units	Bahrain	0.026
2011	mln units	Bangladesh	0.0208
2011	mln units	Brunei	0.015
2011	mln units	Cambodia	0.002
2011	mln units	China	14.472416
2011	mln units	Hong Kong	0.044845
2011	mln units	India	2.510313
2011	mln units	Indonesia	0.602291
2011	mln units	Iraq	0.0715
2011	mln units	Iran	1.452965
2011	mln units	Israel	0.21
2011	mln units	Japan	3.509036
2011	mln units	Jordan	0.011
2011	mln units	Kazakhstan	0.038348
2011	mln units	Kyrgyzstan	0.005
2011	mln units	Kuwait	0.095
2011	mln units	Laos	0.004
2011	mln units	Lebanon	0.031
2011	mln units	Malaysia	0.535113
2011	mln units	Mongolia	0.003
2011	mln units	Myanmar	0.0018
2011	mln units	Nepal	0.003
2011	mln units	New Caledonia	0.007525
2011	mln units	New Zealand	0.063471
2011	mln units	Oman	0.115
2011	mln units	Pakistan	0.140184
2011	mln units	Palestine	0.0197
2011	mln units	Philippines	0.057768
2011	mln units	Qatar	0.045
2011	mln units	Saudi Arabia	0.46
2011	mln units	Singapore	0.033493
2011	mln units	South Korea	1.293501
2011	mln units	Sri Lanka	0.007
2011	mln units	Syria	0.03316
2011	mln units	Tajikistan	0.0075
2011	mln units	Tahiti	0.004
2011	mln units	Taiwan	0.235205
2011	mln units	Thailand	0.360441
2011	mln units	Turkmenistan	0.005
2011	mln units	United Arab Emirates	0.193268
2011	mln units	Uzbekistan	0.048
2011	mln units	Vietnam	0.064564
2011	mln units	Yemen	0.002
2011	mln units	Algeria	0.165415
2011	mln units	Angola	0.01
2011	mln units	Botswana	0.0025
2011	mln units	Burkina Faso	5e-04
2011	mln units	Burundi	2e-04
2011	mln units	Cameroon	0.0014
2011	mln units	Democratic Republic of the Congo	0.0015
2011	mln units	Egypt	0.2103
2011	mln units	Gabon	0.002
2011	mln units	Ghana	0.006
2011	mln units	Ivory Coast	0.0035
2011	mln units	Kenya	0.004
2011	mln units	Liberia	2e-04
2011	mln units	Libya	0.039
2011	mln units	Madagascar	0.0011
2011	mln units	Malawi	0.0015
2011	mln units	Mauritius	0.003
2011	mln units	Morocco	0.099727
2011	mln units	Nigeria	0.03
2011	mln units	Reunion	0.021111
2011	mln units	Senegal	0.0035
2011	mln units	South Africa	0.396292
2011	mln units	Sudan	0.002
2011	mln units	Tanzania	0.003
2011	mln units	Tunisia	0.035
2011	mln units	Uganda	0.003
2011	mln units	Zambia	0.002
2011	mln units	Zimbabwe	0.003
2012	mln units	Austria	0.33601
2012	mln units	Belgium	0.486737
2012	mln units	Bulgaria	0.019419
2012	mln units	Croatia	0.03136
2012	mln units	Czech Republic	0.174009
2012	mln units	Denmark	0.170763
2012	mln units	Finland	0.111251
2012	mln units	France	1.89876
2012	mln units	Germany	3.082504
2012	mln units	Greece	0.058482
2012	mln units	Hungary	0.053059
2012	mln units	Ireland	0.079498
2012	mln units	Italy	1.40301
2012	mln units	Netherlands	0.502454
2012	mln units	Norway	0.137967
2012	mln units	Poland	0.272719
2012	mln units	Portugal	0.095309
2012	mln units	Romania	0.066436
2012	mln units	Slovakia	0.069268
2012	mln units	Spain	0.699589
2012	mln units	Sweden	0.279899
2012	mln units	Switzerland	0.328139
2012	mln units	United Kingdom	2.044609
2012	mln units	Iceland	0.007902
2012	mln units	Luxembourg	0.050398
2012	mln units	Cyprus	0.010123
2012	mln units	Estonia	0.019424
2012	mln units	Latvia	0.010665
2012	mln units	Lithuania	0.012165
2012	mln units	Malta	0.005884
2012	mln units	Slovenia	0.050091
2012	mln units	Albania	0.0023
2012	mln units	Armenia	0.005
2012	mln units	Belarus	0.02
2012	mln units	Bosnia	0.01
2012	mln units	Georgia	0.004
2012	mln units	Macedonia	0.005
2012	mln units	Moldavia	0.005
2012	mln units	Russia	2.755384
2012	mln units	Serbia	0.0228
2012	mln units	Turkey	0.55628
2012	mln units	Ukraine	0.237602
2012	mln units	Canada	0.74853
2012	mln units	Mexico	0.649333
2012	mln units	United States	7.2419
2012	mln units	Argentina	0.596397
2012	mln units	Bahamas	0.0025
2012	mln units	Belize	2e-04
2012	mln units	Bolivia	0.014
2012	mln units	Brazil	3.115223
2012	mln units	Chile	0.257013
2012	mln units	Colombia	0.24
2012	mln units	Costa Rica	0.03
2012	mln units	Cuba	0.004
2012	mln units	Dominican Republic	0.003494
2012	mln units	Ecuador	0.080644
2012	mln units	El Salvador	0.005
2012	mln units	Guadeloupe	0.013158
2012	mln units	Guatemala	0.016
2012	mln units	Guyana	0.004357
2012	mln units	Honduras	0.001
2012	mln units	Jamaica	0.002
2012	mln units	Martinique	0.011527
2012	mln units	Nicaragua	0.003
2012	mln units	Panama	0.04
2012	mln units	Paraguay	0.02
2012	mln units	Peru	0.128295
2012	mln units	Puerto Rico	0.055
2012	mln units	Trinidad	0.008
2012	mln units	Uruguay	0.038109
2012	mln units	Venezuela	0.060776
2012	mln units	Australia	0.88268
2012	mln units	Azerbaijan	0.014
2012	mln units	Bahrain	0.04
2012	mln units	Bangladesh	0.0246
2012	mln units	Brunei	0.015
2012	mln units	Cambodia	0.002
2012	mln units	China	15.49524
2012	mln units	Hong Kong	0.045283
2012	mln units	India	2.781919
2012	mln units	Indonesia	0.780785
2012	mln units	Iraq	0.08
2012	mln units	Iran	0.901268
2012	mln units	Israel	0.19
2012	mln units	Japan	4.572333
2012	mln units	Jordan	0.0115
2012	mln units	Kazakhstan	0.086959
2012	mln units	Kyrgyzstan	0.004
2012	mln units	Kuwait	0.1165
2012	mln units	Laos	0.005
2012	mln units	Lebanon	0.0355
2012	mln units	Malaysia	0.552189
2012	mln units	Mongolia	0.002
2012	mln units	Myanmar	0.0021
2012	mln units	Nepal	0.0036
2012	mln units	New Caledonia	0.00725
2012	mln units	New Zealand	0.076871
2012	mln units	Oman	0.13
2012	mln units	Pakistan	0.136026
2012	mln units	Palestine	0.0216
2012	mln units	Philippines	0.064165
2012	mln units	Qatar	0.06
2012	mln units	Saudi Arabia	0.54
2012	mln units	Singapore	0.032724
2012	mln units	South Korea	1.256403
2012	mln units	Sri Lanka	0.008
2012	mln units	Syria	0.0363
2012	mln units	Tajikistan	0.006
2012	mln units	Tahiti	0.003
2012	mln units	Taiwan	0.211578
2012	mln units	Thailand	0.660214
2012	mln units	Turkmenistan	0.0045
2012	mln units	United Arab Emirates	0.2115
2012	mln units	Uzbekistan	0.045
2012	mln units	Vietnam	0.04407
2012	mln units	Yemen	0.002
2012	mln units	Algeria	0.18899
2012	mln units	Angola	0.017
2012	mln units	Botswana	0.0032
2012	mln units	Burkina Faso	5e-04
2012	mln units	Burundi	0.00021
2012	mln units	Cameroon	0.0019
2012	mln units	Democratic Republic of the Congo	0.0015
2012	mln units	Egypt	0.2227
2012	mln units	Gabon	0.0035
2012	mln units	Ghana	0.0065
2012	mln units	Ivory Coast	0.005
2012	mln units	Kenya	0.002
2012	mln units	Liberia	0.00021
2012	mln units	Libya	0.02
2012	mln units	Madagascar	0.0012
2012	mln units	Malawi	0.001
2012	mln units	Mauritius	0.007
2012	mln units	Morocco	0.117818
2012	mln units	Nigeria	0.04
2012	mln units	Reunion	0.019795
2012	mln units	Senegal	0.004
2012	mln units	South Africa	0.440002
2012	mln units	Sudan	0.002
2012	mln units	Tanzania	0.003
2012	mln units	Tunisia	0.037
2012	mln units	Uganda	0.003
2012	mln units	Zambia	0.002
2012	mln units	Zimbabwe	0.003
2013	mln units	Austria	0.319035
2013	mln units	Belgium	0.486065
2013	mln units	Bulgaria	0.019352
2013	mln units	Croatia	0.027802
2013	mln units	Czech Republic	0.164736
2013	mln units	Denmark	0.182086
2013	mln units	Finland	0.103455
2013	mln units	France	1.790456
2013	mln units	Germany	2.952431
2013	mln units	Greece	0.058694
2013	mln units	Hungary	0.056139
2013	mln units	Ireland	0.074367
2013	mln units	Italy	1.304648
2013	mln units	Netherlands	0.417036
2013	mln units	Norway	0.142151
2013	mln units	Poland	0.289913
2013	mln units	Portugal	0.105921
2013	mln units	Romania	0.05771
2013	mln units	Slovakia	0.065998
2013	mln units	Spain	0.722689
2013	mln units	Sweden	0.269599
2013	mln units	Switzerland	0.307885
2013	mln units	United Kingdom	2.264737
2013	mln units	Iceland	0.007274
2013	mln units	Luxembourg	0.046624
2013	mln units	Cyprus	0.007102
2013	mln units	Estonia	0.019694
2013	mln units	Latvia	0.010636
2013	mln units	Lithuania	0.012163
2013	mln units	Malta	0.005749
2013	mln units	Slovenia	0.052268
2013	mln units	Albania	0.0023
2013	mln units	Armenia	0.005
2013	mln units	Belarus	0.0196
2013	mln units	Bosnia	0.0098
2013	mln units	Georgia	0.004
2013	mln units	Macedonia	0.002
2013	mln units	Moldavia	0.005
2013	mln units	Russia	2.649181
2013	mln units	Serbia	0.023
2013	mln units	Turkey	0.664655
2013	mln units	Ukraine	0.213322
2013	mln units	Canada	0.755615
2013	mln units	Mexico	0.698217
2013	mln units	United States	7.585341
2013	mln units	Argentina	0.684379
2013	mln units	Bahamas	0.002
2013	mln units	Belize	2e-04
2013	mln units	Bolivia	0.0139
2013	mln units	Brazil	3.040783
2013	mln units	Chile	0.286588
2013	mln units	Colombia	0.2388
2013	mln units	Costa Rica	0.0298
2013	mln units	Cuba	0.004
2013	mln units	Dominican Republic	0.002839
2013	mln units	Ecuador	0.074169
2013	mln units	El Salvador	0.005
2013	mln units	Guadeloupe	0.012427
2013	mln units	Guatemala	0.0159
2013	mln units	Guyana	0.004256
2013	mln units	Honduras	0.001
2013	mln units	Jamaica	0.002
2013	mln units	Martinique	0.011091
2013	mln units	Nicaragua	0.004
2013	mln units	Panama	0.0398
2013	mln units	Paraguay	0.0199
2013	mln units	Peru	0.139453
2013	mln units	Puerto Rico	0.0547
2013	mln units	Trinidad	0.008
2013	mln units	Uruguay	0.041785
2013	mln units	Venezuela	0.043887
2013	mln units	Australia	0.899965
2013	mln units	Azerbaijan	0.021
2013	mln units	Bahrain	0.0435
2013	mln units	Bangladesh	0.024
2013	mln units	Brunei	0.0147
2013	mln units	Cambodia	0.002
2013	mln units	China	17.92773
2013	mln units	Hong Kong	0.046147
2013	mln units	India	2.553979
2013	mln units	Indonesia	0.880032
2013	mln units	Iraq	0.0782
2013	mln units	Iran	0.691709
2013	mln units	Israel	0.2
2013	mln units	Japan	4.562282
2013	mln units	Jordan	0.0145
2013	mln units	Kazakhstan	0.153664
2013	mln units	Kyrgyzstan	0.004
2013	mln units	Kuwait	0.125
2013	mln units	Laos	0.006
2013	mln units	Lebanon	0.0355
2013	mln units	Malaysia	0.576657
2013	mln units	Mongolia	0.0015
2013	mln units	Myanmar	0.002
2013	mln units	Nepal	0.0035
2013	mln units	New Caledonia	0.006272
2013	mln units	New Zealand	0.082433
2013	mln units	Oman	0.14
2013	mln units	Pakistan	0.121122
2013	mln units	Palestine	0.0211
2013	mln units	Philippines	0.076822
2013	mln units	Qatar	0.065
2013	mln units	Saudi Arabia	0.57
2013	mln units	Singapore	0.027955
2013	mln units	South Korea	1.243868
2013	mln units	Sri Lanka	0.01
2013	mln units	Syria	0.0355
2013	mln units	Tajikistan	0.006
2013	mln units	Tahiti	0.0025
2013	mln units	Taiwan	0.211824
2013	mln units	Thailand	0.663746
2013	mln units	Turkmenistan	0.0045
2013	mln units	United Arab Emirates	0.2067
2013	mln units	Uzbekistan	0.0455
2013	mln units	Vietnam	0.059857
2013	mln units	Yemen	0.002
2013	mln units	Algeria	0.22271
2013	mln units	Angola	0.02
2013	mln units	Botswana	0.0031
2013	mln units	Burkina Faso	7e-04
2013	mln units	Burundi	0.00021
2013	mln units	Cameroon	0.0024
2013	mln units	Democratic Republic of the Congo	0.0015
2013	mln units	Egypt	0.22
2013	mln units	Gabon	0.003
2013	mln units	Ghana	0.0066
2013	mln units	Ivory Coast	0.004
2013	mln units	Kenya	0.0025
2013	mln units	Liberia	0.00021
2013	mln units	Libya	0.03
2013	mln units	Madagascar	0.0012
2013	mln units	Malawi	0.001
2013	mln units	Mauritius	0.0075
2013	mln units	Morocco	0.108177
2013	mln units	Nigeria	0.04
2013	mln units	Reunion	0.019465
2013	mln units	Senegal	0.004
2013	mln units	South Africa	0.450561
2013	mln units	Sudan	0.0015
2013	mln units	Tanzania	0.0035
2013	mln units	Tunisia	0.035
2013	mln units	Uganda	0.003
2013	mln units	Zambia	0.002
2013	mln units	Zimbabwe	0.003
2014	mln units	Austria	0.303318
2014	mln units	Belgium	0.482939
2014	mln units	Bulgaria	0.020359
2014	mln units	Croatia	0.033962
2014	mln units	Czech Republic	0.192314
2014	mln units	Denmark	0.189055
2014	mln units	Finland	0.106237
2014	mln units	France	1.795885
2014	mln units	Germany	3.036773
2014	mln units	Greece	0.071218
2014	mln units	Hungary	0.067476
2014	mln units	Ireland	0.096284
2014	mln units	Italy	1.360578
2014	mln units	Netherlands	0.387553
2014	mln units	Norway	0.144202
2014	mln units	Poland	0.327709
2014	mln units	Portugal	0.142826
2014	mln units	Romania	0.082809
2014	mln units	Slovakia	0.072237
2014	mln units	Spain	0.890125
2014	mln units	Sweden	0.303948
2014	mln units	Switzerland	0.301942
2014	mln units	United Kingdom	2.476435
2014	mln units	Iceland	0.009537
2014	mln units	Luxembourg	0.049793
2014	mln units	Cyprus	0.008276
2014	mln units	Estonia	0.020969
2014	mln units	Latvia	0.012452
2014	mln units	Lithuania	0.014503
2014	mln units	Malta	0.006451
2014	mln units	Slovenia	0.053296
2014	mln units	Albania	0.0025
2014	mln units	Armenia	0.0052
2014	mln units	Belarus	0.0223
2014	mln units	Bosnia	0.0089
2014	mln units	Georgia	0.0043
2014	mln units	Macedonia	0.0027
2014	mln units	Moldavia	0.0056
2014	mln units	Russia	2.333067
2014	mln units	Serbia	0.0239
2014	mln units	Turkey	0.587331
2014	mln units	Ukraine	0.09702
2014	mln units	Canada	0.760449
2014	mln units	Mexico	0.74525
2014	mln units	United States	7.68911
2014	mln units	Argentina	0.432696
2014	mln units	Bahamas	0.0016
2014	mln units	Belize	2e-04
2014	mln units	Bolivia	0.0185
2014	mln units	Brazil	2.794687
2014	mln units	Chile	0.25616
2014	mln units	Colombia	0.2651
2014	mln units	Costa Rica	0.0352
2014	mln units	Cuba	0.004
2014	mln units	Dominican Republic	0.003594
2014	mln units	Ecuador	0.078485
2014	mln units	El Salvador	0.005
2014	mln units	Guadeloupe	0.012599
2014	mln units	Guatemala	0.0173
2014	mln units	Guyana	0.004248
2014	mln units	Honduras	0.0013
2014	mln units	Jamaica	0.0023
2014	mln units	Martinique	0.011325
2014	mln units	Nicaragua	0.0052
2014	mln units	Panama	0.043
2014	mln units	Paraguay	0.0215
2014	mln units	Peru	0.140363
2014	mln units	Puerto Rico	0.0585
2014	mln units	Trinidad	0.0063
2014	mln units	Uruguay	0.040171
2014	mln units	Venezuela	0.01043
2014	mln units	Australia	0.883949
2014	mln units	Azerbaijan	0.0233
2014	mln units	Bahrain	0.0496
2014	mln units	Bangladesh	0.0293
2014	mln units	Brunei	0.0181
2014	mln units	Cambodia	0.0024
2014	mln units	China	19.707677
2014	mln units	Hong Kong	0.0485
2014	mln units	India	2.570736
2014	mln units	Indonesia	0.863268
2014	mln units	Iraq	0.061
2014	mln units	Iran	1.1067
2014	mln units	Israel	0.228
2014	mln units	Japan	4.699591
2014	mln units	Jordan	0.0157
2014	mln units	Kazakhstan	0.151424
2014	mln units	Kyrgyzstan	0.004
2014	mln units	Kuwait	0.1263
2014	mln units	Laos	0.0098
2014	mln units	Lebanon	0.0383
2014	mln units	Malaysia	0.588348
2014	mln units	Mongolia	0.0011
2014	mln units	Myanmar	0.001
2014	mln units	Nepal	0.0053
2014	mln units	New Caledonia	0.006469
2014	mln units	New Zealand	0.090131
2014	mln units	Oman	0.1386
2014	mln units	Pakistan	0.12395
2014	mln units	Palestine	0.0211
2014	mln units	Philippines	0.090287
2014	mln units	Qatar	0.0715
2014	mln units	Saudi Arabia	0.6327
2014	mln units	Singapore	0.032807
2014	mln units	South Korea	1.359834
2014	mln units	Sri Lanka	0.0138
2014	mln units	Syria	0.0334
2014	mln units	Tajikistan	0.0061
2014	mln units	Tahiti	0.0025
2014	mln units	Taiwan	0.23548
2014	mln units	Thailand	0.411402
2014	mln units	Turkmenistan	0.0046
2014	mln units	United Arab Emirates	0.2067
2014	mln units	Uzbekistan	0.046
2014	mln units	Vietnam	0.079813
2014	mln units	Yemen	0.0025
2014	mln units	Algeria	0.2176
2014	mln units	Angola	0.024
2014	mln units	Botswana	0.0029
2014	mln units	Burkina Faso	7e-04
2014	mln units	Burundi	2e-04
2014	mln units	Cameroon	0.0023
2014	mln units	Democratic Republic of the Congo	0.0015
2014	mln units	Egypt	0.2735
2014	mln units	Gabon	0.0029
2014	mln units	Ghana	0.0069
2014	mln units	Ivory Coast	0.0043
2014	mln units	Kenya	0.003
2014	mln units	Liberia	2e-04
2014	mln units	Libya	0.03
2014	mln units	Madagascar	0.0016
2014	mln units	Malawi	0.0011
2014	mln units	Mauritius	0.0086
2014	mln units	Morocco	0.109649
2014	mln units	Nigeria	0.042
2014	mln units	Reunion	0.020605
2014	mln units	Senegal	0.0045
2014	mln units	South Africa	0.439264
2014	mln units	Sudan	0.0018
2014	mln units	Tanzania	0.001
2014	mln units	Tunisia	0.0371
2014	mln units	Uganda	0.003
2014	mln units	Zambia	0.002
2014	mln units	Zimbabwe	0.0041
2015	mln units	Austria	0.308555
2015	mln units	Belgium	0.501066
2015	mln units	Bulgaria	0.0235
2015	mln units	Croatia	0.035715
2015	mln units	Czech Republic	0.230857
2015	mln units	Denmark	0.207717
2015	mln units	Finland	0.108819
2015	mln units	France	1.917226
2015	mln units	Germany	3.206042
2015	mln units	Greece	0.075805
2015	mln units	Hungary	0.077171
2015	mln units	Ireland	0.124804
2015	mln units	Italy	1.575737
2015	mln units	Netherlands	0.44935
2015	mln units	Norway	0.150686
2015	mln units	Poland	0.354975
2015	mln units	Portugal	0.178503
2015	mln units	Romania	0.098325
2015	mln units	Slovakia	0.077968
2015	mln units	Spain	1.094077
2015	mln units	Sweden	0.345108
2015	mln units	Switzerland	0.323783
2015	mln units	United Kingdom	2.633503
2015	mln units	Iceland	0.014004
2015	mln units	Luxembourg	0.046473
2015	mln units	Cyprus	0.010344
2015	mln units	Estonia	0.020347
2015	mln units	Latvia	0.013765
2015	mln units	Lithuania	0.017085
2015	mln units	Malta	0.007121
2015	mln units	Slovenia	0.05945
2015	mln units	Albania	0.0025
2015	mln units	Armenia	0.0023
2015	mln units	Belarus	0.0224
2015	mln units	Bosnia	0.0087
2015	mln units	Georgia	0.0033
2015	mln units	Macedonia	0.0032
2015	mln units	Moldavia	0.0037
2015	mln units	Russia	1.28274
2015	mln units	Serbia	0.0217
2015	mln units	Turkey	0.725596
2015	mln units	Ukraine	0.046546
2015	mln units	Canada	0.712322
2015	mln units	Mexico	0.892194
2015	mln units	United States	7.516826
2015	mln units	Argentina	0.480952
2015	mln units	Bahamas	0.0028
2015	mln units	Belize	4e-04
2015	mln units	Bolivia	0.0128
2015	mln units	Brazil	2.123009
2015	mln units	Chile	0.212023
2015	mln units	Colombia	0.2368
2015	mln units	Costa Rica	0.0418
2015	mln units	Cuba	0.004
2015	mln units	Dominican Republic	0.005061
2015	mln units	Ecuador	0.052101
2015	mln units	El Salvador	0.0054
2015	mln units	Guadeloupe	0.013409
2015	mln units	Guatemala	0.0181
2015	mln units	Guyana	0.004414
2015	mln units	Honduras	9e-04
2015	mln units	Jamaica	0.0023
2015	mln units	Martinique	0.012931
2015	mln units	Nicaragua	0.0048
2015	mln units	Panama	0.0467
2015	mln units	Paraguay	0.0187
2015	mln units	Peru	0.137039
2015	mln units	Puerto Rico	0.049
2015	mln units	Trinidad	0.0105
2015	mln units	Uruguay	0.039472
2015	mln units	Venezuela	0.0077
2015	mln units	Australia	0.924154
2015	mln units	Azerbaijan	0.0091
2015	mln units	Bahrain	0.0477
2015	mln units	Bangladesh	0.0285
2015	mln units	Brunei	0.0139
2015	mln units	Cambodia	0.001
2015	mln units	China	21.210339
2015	mln units	Hong Kong	0.0451
2015	mln units	India	2.77227
2015	mln units	Indonesia	0.755566
2015	mln units	Iraq	0.0335
2015	mln units	Iran	1.0554
2015	mln units	Israel	0.2473
2015	mln units	Japan	4.215889
2015	mln units	Jordan	0.0147
2015	mln units	Kazakhstan	0.0815
2015	mln units	Kyrgyzstan	0.004
2015	mln units	Kuwait	0.1242
2015	mln units	Laos	0.0056
2015	mln units	Lebanon	0.0387
2015	mln units	Malaysia	0.591275
2015	mln units	Mongolia	7e-04
2015	mln units	Myanmar	0.001
2015	mln units	Nepal	0.004
2015	mln units	New Caledonia	0.006068
2015	mln units	New Zealand	0.094964
2015	mln units	Oman	0.1211
2015	mln units	Pakistan	0.182231
2015	mln units	Palestine	0.0211
2015	mln units	Philippines	0.116381
2015	mln units	Qatar	0.0692
2015	mln units	Saudi Arabia	0.6723
2015	mln units	Singapore	0.061512
2015	mln units	South Korea	1.53367
2015	mln units	Sri Lanka	0.0125
2015	mln units	Syria	0.0334
2015	mln units	Tajikistan	0.0061
2015	mln units	Tahiti	0.0023
2015	mln units	Taiwan	0.212236
2015	mln units	Thailand	0.356063
2015	mln units	Turkmenistan	0.0046
2015	mln units	United Arab Emirates	0.214
2015	mln units	Uzbekistan	0.046
2015	mln units	Vietnam	0.117288
2015	mln units	Yemen	0.0023
2015	mln units	Algeria	0.1637
2015	mln units	Angola	0.0147
2015	mln units	Botswana	0.0034
2015	mln units	Burkina Faso	0.0011
2015	mln units	Burundi	2e-04
2015	mln units	Cameroon	0.0017
2015	mln units	Democratic Republic of the Congo	0.002
2015	mln units	Egypt	0.2584
2015	mln units	Gabon	0.0017
2015	mln units	Ghana	0.0036
2015	mln units	Ivory Coast	0.0045
2015	mln units	Kenya	0.0029
2015	mln units	Liberia	2e-04
2015	mln units	Libya	0.0385
2015	mln units	Madagascar	0.0012
2015	mln units	Malawi	0.0012
2015	mln units	Mauritius	0.008
2015	mln units	Morocco	0.120875
2015	mln units	Nigeria	0.0156
2015	mln units	Reunion	0.022288
2015	mln units	Senegal	0.0037
2015	mln units	South Africa	0.41267
2015	mln units	Sudan	0.0022
2015	mln units	Tanzania	0.0026
2015	mln units	Tunisia	0.0361
2015	mln units	Uganda	0.0022
2015	mln units	Zambia	0.0017
2015	mln units	Zimbabwe	0.0015
2016	mln units	Austria	0.329604
2016	mln units	Belgium	0.539519
2016	mln units	Bulgaria	0.02637
2016	mln units	Croatia	0.044106
2016	mln units	Czech Republic	0.259693
2016	mln units	Denmark	0.222924
2016	mln units	Finland	0.118991
2016	mln units	France	2.015177
2016	mln units	Germany	3.351607
2016	mln units	Greece	0.078873
2016	mln units	Hungary	0.096552
2016	mln units	Ireland	0.1466
2016	mln units	Italy	1.824968
2016	mln units	Netherlands	0.382825
2016	mln units	Norway	0.154603
2016	mln units	Poland	0.416123
2016	mln units	Portugal	0.207345
2016	mln units	Romania	0.115004
2016	mln units	Slovakia	0.088165
2016	mln units	Spain	1.147007
2016	mln units	Sweden	0.372318
2016	mln units	Switzerland	0.317318
2016	mln units	United Kingdom	2.692786
2016	mln units	Iceland	0.018442
2016	mln units	Luxembourg	0.050561
2016	mln units	Cyprus	0.012643
2016	mln units	Estonia	0.022429
2016	mln units	Latvia	0.016359
2016	mln units	Lithuania	0.02032
2016	mln units	Malta	0.007333
2016	mln units	Slovenia	0.063674
2016	mln units	Albania	0.0025
2016	mln units	Armenia	0.0025
2016	mln units	Belarus	0.0202
2016	mln units	Bosnia	0.0094
2016	mln units	Georgia	0.0034
2016	mln units	Macedonia	0.0038
2016	mln units	Moldavia	0.0043
2016	mln units	Russia	1.23968
2016	mln units	Serbia	0.0233
2016	mln units	Turkey	0.756938
2016	mln units	Ukraine	0.065562
2016	mln units	Canada	0.661088
2016	mln units	Mexico	1.065912
2016	mln units	United States	6.872729
2016	mln units	Argentina	0.525757
2016	mln units	Bahamas	0.0027
2016	mln units	Belize	4e-04
2016	mln units	Bolivia	0.0169
2016	mln units	Brazil	1.676722
2016	mln units	Chile	0.228909
2016	mln units	Colombia	0.2157
2016	mln units	Costa Rica	0.0483
2016	mln units	Cuba	0.0059
2016	mln units	Dominican Republic	0.004204
2016	mln units	Ecuador	0.044816
2016	mln units	El Salvador	0.0046
2016	mln units	Guadeloupe	0.01416
2016	mln units	Guatemala	0.0166
2016	mln units	Guyana	0.004671
2016	mln units	Honduras	8e-04
2016	mln units	Jamaica	0.002
2016	mln units	Martinique	0.014197
2016	mln units	Nicaragua	0.0054
2016	mln units	Panama	0.0462
2016	mln units	Paraguay	0.016
2016	mln units	Peru	0.133671
2016	mln units	Puerto Rico	0.0665
2016	mln units	Trinidad	0.0139
2016	mln units	Uruguay	0.035924
2016	mln units	Venezuela	0.0015
2016	mln units	Australia	0.927274
2016	mln units	Azerbaijan	0.0034
2016	mln units	Bahrain	0.0392
2016	mln units	Bangladesh	0.0154
2016	mln units	Brunei	0.0134
2016	mln units	Cambodia	8e-04
2016	mln units	China	24.376902
2016	mln units	Hong Kong	0.0416
2016	mln units	India	2.966637
2016	mln units	Indonesia	0.834919
2016	mln units	Iraq	0.016
2016	mln units	Iran	1.3203
2016	mln units	Israel	0.2769
2016	mln units	Japan	4.146459
2016	mln units	Jordan	0.0124
2016	mln units	Kazakhstan	0.039361
2016	mln units	Kyrgyzstan	0.0018
2016	mln units	Kuwait	0.0954
2016	mln units	Laos	0.0042
2016	mln units	Lebanon	0.0356
2016	mln units	Malaysia	0.514545
2016	mln units	Mongolia	0.0013
2016	mln units	Myanmar	0.0013
2016	mln units	Nepal	0.0064
2016	mln units	New Caledonia	0.005662
2016	mln units	New Zealand	0.102514
2016	mln units	Oman	0.1157
2016	mln units	Pakistan	0.177222
2016	mln units	Palestine	0.0211
2016	mln units	Philippines	0.133188
2016	mln units	Qatar	0.0502
2016	mln units	Saudi Arabia	0.5494
2016	mln units	Singapore	0.091096
2016	mln units	South Korea	1.533813
2016	mln units	Sri Lanka	0.0263
2016	mln units	Syria	0.0334
2016	mln units	Tajikistan	0.0019
2016	mln units	Tahiti	0.0027
2016	mln units	Taiwan	0.206092
2016	mln units	Thailand	0.328053
2016	mln units	Turkmenistan	0.0045
2016	mln units	United Arab Emirates	0.1664
2016	mln units	Uzbekistan	0.0439
2016	mln units	Vietnam	0.159501
2016	mln units	Yemen	0.0011
2016	mln units	Algeria	0.0853
2016	mln units	Angola	0.0056
2016	mln units	Botswana	0.0035
2016	mln units	Burkina Faso	0.0018
2016	mln units	Burundi	5e-04
2016	mln units	Cameroon	0.0019
2016	mln units	Democratic Republic of the Congo	0.0017
2016	mln units	Egypt	0.2148
2016	mln units	Gabon	0.0017
2016	mln units	Ghana	0.0042
2016	mln units	Ivory Coast	0.0043
2016	mln units	Kenya	0.0024
2016	mln units	Liberia	3e-04
2016	mln units	Libya	0.0316
2016	mln units	Madagascar	8e-04
2016	mln units	Malawi	0.0036
2016	mln units	Mauritius	0.0087
2016	mln units	Morocco	0.152324
2016	mln units	Nigeria	0.0192
2016	mln units	Reunion	0.023701
2016	mln units	Senegal	0.0044
2016	mln units	South Africa	0.361289
2016	mln units	Sudan	0.0024
2016	mln units	Tanzania	0.0023
2016	mln units	Tunisia	0.0364
2016	mln units	Uganda	0.0029
2016	mln units	Zambia	0.0023
2016	mln units	Zimbabwe	0.0013
2017	mln units	Austria	0.35332
2017	mln units	Belgium	0.546558
2017	mln units	Bulgaria	0.033265
2017	mln units	Croatia	0.050769
2017	mln units	Czech Republic	0.271595
2017	mln units	Denmark	0.221821
2017	mln units	Finland	0.12048
2017	mln units	France	2.110748
2017	mln units	Germany	3.441262
2017	mln units	Greece	0.088083
2017	mln units	Hungary	0.116265
2017	mln units	Ireland	0.131332
2017	mln units	Italy	1.970497
2017	mln units	Netherlands	0.414306
2017	mln units	Norway	0.15865
2017	mln units	Poland	0.486352
2017	mln units	Portugal	0.222129
2017	mln units	Romania	0.105083
2017	mln units	Slovakia	0.096105
2017	mln units	Spain	1.234932
2017	mln units	Sweden	0.379393
2017	mln units	Switzerland	0.311996
2017	mln units	United Kingdom	2.540617
2017	mln units	Iceland	0.021324
2017	mln units	Luxembourg	0.052775
2017	mln units	Cyprus	0.013127
2017	mln units	Estonia	0.025618
2017	mln units	Latvia	0.016698
2017	mln units	Lithuania	0.025836
2017	mln units	Malta	0.007825
2017	mln units	Slovenia	0.062522
2017	mln units	Albania	0.00137
2017	mln units	Armenia	0.0022
2017	mln units	Belarus	0.030659
2017	mln units	Bosnia	0.021807
2017	mln units	Georgia	0.00255
2017	mln units	Macedonia	0.003273
2017	mln units	Moldavia	0.00526
2017	mln units	Russia	1.4487
2017	mln units	Serbia	0.02209
2017	mln units	Turkey	0.722759
2017	mln units	Ukraine	0.08233
2017	mln units	Canada	0.639824
2017	mln units	Mexico	0.984262
2017	mln units	United States	6.080229
2017	mln units	Argentina	0.66355
2017	mln units	Bahamas	0.001332
2017	mln units	Belize	0.000374
2017	mln units	Bolivia	0.021807
2017	mln units	Brazil	1.85645
2017	mln units	Chile	0.276785
2017	mln units	Colombia	0.206336
2017	mln units	Costa Rica	0.04133
2017	mln units	Cuba	0.004386
2017	mln units	Dominican Republic	2.4e-05
2017	mln units	Ecuador	0.094635
2017	mln units	El Salvador	0.007036
2017	mln units	Guadeloupe	0.016063
2017	mln units	Guatemala	0.014349
2017	mln units	Guyana	0.004858
2017	mln units	Honduras	0.009766
2017	mln units	Jamaica	0.001887
2017	mln units	Martinique	0.01458
2017	mln units	Nicaragua	0.007699
2017	mln units	Panama	0.044009
2017	mln units	Paraguay	0.018848
2017	mln units	Peru	0.134623
2017	mln units	Puerto Rico	0.08447
2017	mln units	Trinidad	0.00984
2017	mln units	Uruguay	0.041549
2017	mln units	Venezuela	0.0025
2017	mln units	Australia	0.915658
2017	mln units	Azerbaijan	0.0017
2017	mln units	Bahrain	0.032439
2017	mln units	Bangladesh	0.0025
2017	mln units	Brunei	0.012052
2017	mln units	Cambodia	0.000838
2017	mln units	China	24.718321
2017	mln units	Hong Kong	0.037298
2017	mln units	India	3.229109
2017	mln units	Indonesia	0.833681
2017	mln units	Iraq	0.016766
2017	mln units	Iran	1.361456
2017	mln units	Israel	0.271134
2017	mln units	Japan	4.386378
2017	mln units	Jordan	0.01278
2017	mln units	Kazakhstan	0.041915
2017	mln units	Kyrgyzstan	0.002
2017	mln units	Kuwait	0.091251
2017	mln units	Laos	0.00341
2017	mln units	Lebanon	0.037221
2017	mln units	Malaysia	0.51468
2017	mln units	Mongolia	0.00526
2017	mln units	Myanmar	0.002113
2017	mln units	Nepal	0.007445
2017	mln units	New Caledonia	0.005921
2017	mln units	New Zealand	0.107951
2017	mln units	Oman	0.063789
2017	mln units	Pakistan	0.203314
2017	mln units	Palestine	0.000496
2017	mln units	Philippines	0.295459
2017	mln units	Qatar	0.041176
2017	mln units	Saudi Arabia	0.424216
2017	mln units	Singapore	0.094692
2017	mln units	South Korea	1.52666
2017	mln units	Sri Lanka	0.011796
2017	mln units	Syria	0.0045
2017	mln units	Tajikistan	0.002
2017	mln units	Tahiti	0.004759
2017	mln units	Taiwan	0.399885
2017	mln units	Thailand	0.665871
2017	mln units	Turkmenistan	0.0048
2017	mln units	United Arab Emirates	0.2032
2017	mln units	Uzbekistan	0.046
2017	mln units	Vietnam	0.152799
2017	mln units	Yemen	0.000828
2017	mln units	Algeria	0.097983
2017	mln units	Angola	0.002875
2017	mln units	Botswana	0.0035
2017	mln units	Burkina Faso	0.000376
2017	mln units	Burundi	1.4e-05
2017	mln units	Cameroon	0.001538
2017	mln units	Democratic Republic of the Congo	0.000245
2017	mln units	Egypt	0.100533
2017	mln units	Gabon	0.000973
2017	mln units	Ghana	0.004066
2017	mln units	Ivory Coast	0.005552
2017	mln units	Kenya	0.002124
2017	mln units	Liberia	0.000224
2017	mln units	Libya	0.011
2017	mln units	Madagascar	0.001199
2017	mln units	Malawi	0.000569
2017	mln units	Mauritius	0.008753
2017	mln units	Morocco	0.155306
2017	mln units	Nigeria	0.0047
2017	mln units	Reunion	0.025306
2017	mln units	Senegal	0.003773
2017	mln units	South Africa	0.361289
2017	mln units	Sudan	0.00145
2017	mln units	Tanzania	0.000938
2017	mln units	Tunisia	0.045886
2017	mln units	Uganda	0.000721
2017	mln units	Zambia	0.000848
2017	mln units	Zimbabwe	0.001094
2018	mln units	Austria	0.341068
2018	mln units	Belgium	0.549632
2018	mln units	Bulgaria	0.037506
2018	mln units	Croatia	0.060041
2018	mln units	Czech Republic	0.261437
2018	mln units	Denmark	0.218483
2018	mln units	Finland	0.121
2018	mln units	France	2.173481
2018	mln units	Germany	3.435778
2018	mln units	Greece	0.103431
2018	mln units	Hungary	0.137
2018	mln units	Ireland	0.125671
2018	mln units	Italy	1.910701
2018	mln units	Netherlands	0.443531
2018	mln units	Norway	0.147929
2018	mln units	Poland	0.531889
2018	mln units	Portugal	0.226666
2018	mln units	Romania	0.130919
2018	mln units	Slovakia	0.09808
2018	mln units	Spain	1.321437
2018	mln units	Sweden	0.353729
2018	mln units	Switzerland	0.299716
2018	mln units	United Kingdom	2.367147
2018	mln units	Iceland	0.017976
2018	mln units	Luxembourg	0.052786
2018	mln units	Cyprus	0.013135
2018	mln units	Estonia	0.026296
2018	mln units	Latvia	0.016878
2018	mln units	Lithuania	0.032382
2018	mln units	Malta	0.008098
2018	mln units	Slovenia	0.072661
2018	mln units	Albania	0.002175
2018	mln units	Armenia	0.0012
2018	mln units	Belarus	0.048315
2018	mln units	Bosnia	0.009978
2018	mln units	Georgia	0.0028
2018	mln units	Macedonia	0.003885
2018	mln units	Moldavia	0.00596
2018	mln units	Russia	1.606676
2018	mln units	Serbia	0.024006
2018	mln units	Turkey	0.486321
2018	mln units	Ukraine	0.081877
2018	mln units	Canada	0.581977
2018	mln units	Mexico	0.866918
2018	mln units	United States	5.30358
2018	mln units	Argentina	0.610441
2018	mln units	Bahamas	0.001332
2018	mln units	Belize	0.000348
2018	mln units	Bolivia	0.022612
2018	mln units	Brazil	2.102114
2018	mln units	Chile	0.315326
2018	mln units	Colombia	0.220088
2018	mln units	Costa Rica	0.033352
2018	mln units	Cuba	0.00447
2018	mln units	Dominican Republic	0.01534
2018	mln units	Ecuador	0.105046
2018	mln units	El Salvador	0.007501
2018	mln units	Guadeloupe	0.016962
2018	mln units	Guatemala	0.01436
2018	mln units	Guyana	0.005373
2018	mln units	Honduras	0.010321
2018	mln units	Jamaica	0.005232
2018	mln units	Martinique	0.015358
2018	mln units	Nicaragua	0.009567
2018	mln units	Panama	0.036401
2018	mln units	Paraguay	0.025204
2018	mln units	Peru	0.115441
2018	mln units	Puerto Rico	0.07308
2018	mln units	Trinidad	0.009712
2018	mln units	Uruguay	0.034377
2018	mln units	Venezuela	0.001159
2018	mln units	Australia	0.873713
2018	mln units	Azerbaijan	0.0032
2018	mln units	Bahrain	0.031855
2018	mln units	Bangladesh	0.00275
2018	mln units	Brunei	0.0122
2018	mln units	Cambodia	0.000811
2018	mln units	China	23.709782
2018	mln units	Hong Kong	0.034596
2018	mln units	India	3.394729
2018	mln units	Indonesia	0.878479
2018	mln units	Iraq	0.032309
2018	mln units	Iran	1.128017
2018	mln units	Israel	0.257465
2018	mln units	Japan	4.39116
2018	mln units	Jordan	0.013166
2018	mln units	Kazakhstan	0.052836
2018	mln units	Kyrgyzstan	0.0021
2018	mln units	Kuwait	0.091223
2018	mln units	Laos	0.003741
2018	mln units	Lebanon	0.033012
2018	mln units	Malaysia	0.533099
2018	mln units	Mongolia	0.00175
2018	mln units	Myanmar	0.004531
2018	mln units	Nepal	0.006759
2018	mln units	New Caledonia	0.005571
2018	mln units	New Zealand	0.109053
2018	mln units	Oman	0.049777
2018	mln units	Pakistan	0.217392
2018	mln units	Palestine	0.000146
2018	mln units	Philippines	0.252848
2018	mln units	Qatar	0.038816
2018	mln units	Saudi Arabia	0.340218
2018	mln units	Singapore	0.081625
2018	mln units	South Korea	1.52515
2018	mln units	Sri Lanka	0.010981
2018	mln units	Syria	0.006996
2018	mln units	Tajikistan	0.0022
2018	mln units	Tahiti	0.005361
2018	mln units	Taiwan	0.171953
2018	mln units	Thailand	0.481646
2018	mln units	Turkmenistan	0.0051
2018	mln units	United Arab Emirates	0.24
2018	mln units	Uzbekistan	0.0475
2018	mln units	Vietnam	0.197752
2018	mln units	Yemen	0.000552
2018	mln units	Algeria	0.12625
2018	mln units	Angola	0.001825
2018	mln units	Botswana	0.0014
2018	mln units	Burkina Faso	0.000537
2018	mln units	Burundi	1e-05
2018	mln units	Cameroon	0.001529
2018	mln units	Democratic Republic of the Congo	0.00025
2018	mln units	Egypt	0.145873
2018	mln units	Gabon	0.000993
2018	mln units	Ghana	0.004268
2018	mln units	Ivory Coast	0.006075
2018	mln units	Kenya	0.002861
2018	mln units	Liberia	8e-05
2018	mln units	Libya	0.0125
2018	mln units	Madagascar	0.001138
2018	mln units	Malawi	0.000724
2018	mln units	Mauritius	0.008288
2018	mln units	Morocco	0.163223
2018	mln units	Nigeria	0.00855
2018	mln units	Reunion	0.026174
2018	mln units	Senegal	0.003558
2018	mln units	South Africa	0.365242
2018	mln units	Sudan	0.00114
2018	mln units	Tanzania	0.000998
2018	mln units	Tunisia	0.035343
2018	mln units	Uganda	0.00077
2018	mln units	Zambia	0.001118
2018	mln units	Zimbabwe	0.000906
2019	mln units	Austria	0.320381
2019	mln units	Belgium	0.550008
2019	mln units	Bulgaria	0.035371
2019	mln units	Croatia	0.062977
2019	mln units	Czech Republic	0.249915
2019	mln units	Denmark	0.22541
2019	mln units	Finland	0.114188
2019	mln units	France	2.21428
2019	mln units	Germany	3.607258
2019	mln units	Greece	0.114226
2019	mln units	Hungary	0.157906
2019	mln units	Ireland	0.117109
2019	mln units	Italy	1.916949
2019	mln units	Netherlands	0.446056
2019	mln units	Norway	0.142381
2019	mln units	Poland	0.555598
2019	mln units	Portugal	0.221799
2019	mln units	Romania	0.159696
2019	mln units	Slovakia	0.101568
2019	mln units	Spain	1.258251
2019	mln units	Sweden	0.356036
2019	mln units	Switzerland	0.31005
2019	mln units	United Kingdom	2.31114
2019	mln units	Iceland	0.011692
2019	mln units	Luxembourg	0.054938
2019	mln units	Cyprus	0.012438
2019	mln units	Estonia	0.032132
2019	mln units	Latvia	0.016974
2019	mln units	Lithuania	0.043109
2019	mln units	Malta	0.007621
2019	mln units	Slovenia	0.059862
2019	mln units	Albania	0.003005
2019	mln units	Armenia	0.00097
2019	mln units	Belarus	0.056592
2019	mln units	Bosnia	0.010038
2019	mln units	Georgia	0.002804
2019	mln units	Macedonia	0.00406
2019	mln units	Moldavia	0.006406
2019	mln units	Russia	1.567743
2019	mln units	Serbia	0.025514
2019	mln units	Turkey	0.387256
2019	mln units	Ukraine	0.088437
2019	mln units	Canada	0.496846
2019	mln units	Mexico	0.763793
2019	mln units	United States	4.71971
2019	mln units	Argentina	0.333183
2019	mln units	Bahamas	0.001332
2019	mln units	Belize	0.000348
2019	mln units	Bolivia	0.020319
2019	mln units	Brazil	2.262073
2019	mln units	Chile	0.260683
2019	mln units	Colombia	0.220564
2019	mln units	Costa Rica	0.030825
2019	mln units	Cuba	0.00228
2019	mln units	Dominican Republic	0.012606
2019	mln units	Ecuador	0.097572
2019	mln units	El Salvador	0.0064
2019	mln units	Guadeloupe	0.016741
2019	mln units	Guatemala	0.013407
2019	mln units	Guyana	0.00545
2019	mln units	Honduras	0.009508
2019	mln units	Jamaica	0.005232
2019	mln units	Martinique	0.015853
2019	mln units	Nicaragua	0.001296
2019	mln units	Panama	0.039049
2019	mln units	Paraguay	0.020599
2019	mln units	Peru	0.115241
2019	mln units	Puerto Rico	0.082605
2019	mln units	Trinidad	0.010707
2019	mln units	Uruguay	0.030063
2019	mln units	Venezuela	0.003
2019	mln units	Australia	0.799263
2019	mln units	Azerbaijan	0.006046
2019	mln units	Bahrain	0.026372
2019	mln units	Bangladesh	0.003
2019	mln units	Brunei	0.010949
2019	mln units	Cambodia	0.001275
2019	mln units	China	21.472091
2019	mln units	Hong Kong	0.029117
2019	mln units	India	2.962115
2019	mln units	Indonesia	0.785539
2019	mln units	Iraq	0.051103
2019	mln units	Iran	0.619028
2019	mln units	Israel	0.239671
2019	mln units	Japan	4.301091
2019	mln units	Jordan	0.014
2019	mln units	Kazakhstan	0.065882
2019	mln units	Kyrgyzstan	0.001348
2019	mln units	Kuwait	0.098454
2019	mln units	Laos	0.004064
2019	mln units	Lebanon	0.022086
2019	mln units	Malaysia	0.550182
2019	mln units	Mongolia	0.00297
2019	mln units	Myanmar	0.007167
2019	mln units	Nepal	0.007505
2019	mln units	New Caledonia	0.005818
2019	mln units	New Zealand	0.10361
2019	mln units	Oman	0.049924
2019	mln units	Pakistan	0.162689
2019	mln units	Palestine	0.000109
2019	mln units	Philippines	0.258555
2019	mln units	Qatar	0.039679
2019	mln units	Saudi Arabia	0.460373
2019	mln units	Singapore	0.076476
2019	mln units	South Korea	1.497035
2019	mln units	Sri Lanka	0.0081
2019	mln units	Syria	0.011428
2019	mln units	Tajikistan	0.0022
2019	mln units	Tahiti	0.005374
2019	mln units	Taiwan	0.379999
2019	mln units	Thailand	0.468638
2019	mln units	Turkmenistan	0.005225
2019	mln units	United Arab Emirates	0.19852
2019	mln units	Uzbekistan	0.147827
2019	mln units	Vietnam	0.233782
2019	mln units	Yemen	0.000552
2019	mln units	Algeria	0.118689
2019	mln units	Angola	0.00208
2019	mln units	Botswana	0.00105
2019	mln units	Burkina Faso	0.000537
2019	mln units	Burundi	1e-05
2019	mln units	Cameroon	0.001529
2019	mln units	Democratic Republic of the Congo	0.000346
2019	mln units	Egypt	0.127443
2019	mln units	Gabon	0.001278
2019	mln units	Ghana	0.003394
2019	mln units	Ivory Coast	0.007522
2019	mln units	Kenya	0.002307
2019	mln units	Liberia	6.8e-05
2019	mln units	Libya	0.0161
2019	mln units	Madagascar	0.001043
2019	mln units	Malawi	0.000598
2019	mln units	Mauritius	0.007722
2019	mln units	Morocco	0.148354
2019	mln units	Nigeria	0.0051
2019	mln units	Reunion	0.027556
2019	mln units	Senegal	0.00332
2019	mln units	South Africa	0.355378
2019	mln units	Sudan	0.000996
2019	mln units	Tanzania	0.000675
2019	mln units	Tunisia	0.034387
2019	mln units	Uganda	0.000832
2019	mln units	Zambia	0.001094
2019	mln units	Zimbabwe	0.000532
2020	mln units	Austria	0.257721
2020	mln units	Belgium	0.431491
2020	mln units	Bulgaria	0.022368
2020	mln units	Croatia	0.036013
2020	mln units	Czech Republic	0.202971
2020	mln units	Denmark	0.198162
2020	mln units	Finland	0.09643
2020	mln units	France	1.650118
2020	mln units	Germany	2.917678
2020	mln units	Greece	0.080977
2020	mln units	Hungary	0.128031
2020	mln units	Ireland	0.088324
2020	mln units	Italy	1.381753
2020	mln units	Netherlands	0.355598
2020	mln units	Norway	0.141412
2020	mln units	Poland	0.428347
2020	mln units	Portugal	0.142414
2020	mln units	Romania	0.125004
2020	mln units	Slovakia	0.076305
2020	mln units	Spain	0.851222
2020	mln units	Sweden	0.292024
2020	mln units	Switzerland	0.236828
2020	mln units	United Kingdom	1.631064
2020	mln units	Iceland	0.0118943053381977
2020	mln units	Luxembourg	0.0535214462187486
2020	mln units	Cyprus	0.0124380697061594
2020	mln units	Estonia	0.0321314162885907
2020	mln units	Latvia	0.0167574397903502
2020	mln units	Lithuania	0.0431079268784295
2020	mln units	Malta	0.00770256390911392
2020	mln units	Slovenia	0.0402
2020	mln units	Albania	0.002658942702099
2020	mln units	Armenia	0.000970023028135228
2020	mln units	Belarus	0.056591169632853
2020	mln units	Bosnia	0.0112491588483086
2020	mln units	Georgia	0.0035110317681428
2020	mln units	Macedonia	0.00401045063394453
2020	mln units	Moldavia	0.00639012405386501
2020	mln units	Russia	1.433956
2020	mln units	Serbia	0.0255138472093556
2020	mln units	Turkey	0.610109
2020	mln units	Ukraine	0.08545
2020	mln units	Canada	0.31875
2020	mln units	Mexico	0.532433
2020	mln units	United States	3.401838
2020	mln units	Argentina	0.232112
2020	mln units	Bahamas	0.00210631899970259
2020	mln units	Belize	0.000350059168953909
2020	mln units	Bolivia	0.0254867301967187
2020	mln units	Brazil	1.615942
2020	mln units	Chile	0.194128
2020	mln units	Colombia	0.15173
2020	mln units	Costa Rica	0.0308252545212432
2020	mln units	Cuba	0.00258423743627924
2020	mln units	Dominican Republic	0.00527964258228401
2020	mln units	Ecuador	0.061746
2020	mln units	El Salvador	0.00649344002546546
2020	mln units	Guadeloupe	0.0167410238548536
2020	mln units	Guatemala	0.0134070953736801
2020	mln units	Guyana	0.00544999229343127
2020	mln units	Honduras	0.0095080813784705
2020	mln units	Jamaica	0.00512645408076608
2020	mln units	Martinique	0.0158529504503946
2020	mln units	Nicaragua	0.00381986018292942
2020	mln units	Panama	0.0390487348506546
2020	mln units	Paraguay	0.0211391077513867
2020	mln units	Peru	0.081496
2020	mln units	Puerto Rico	0.084033
2020	mln units	Trinidad	0.00921145477006313
2020	mln units	Uruguay	0.0300634332102199
2020	mln units	Venezuela	0.00287699010577812
2020	mln units	Australia	0.676804
2020	mln units	Azerbaijan	0.00604571526083914
2020	mln units	Bahrain	0.0263725512996901
2020	mln units	Bangladesh	0.00299997493932148
2020	mln units	Brunei	0.0137770726694366
2020	mln units	Cambodia	0.00127495353675947
2020	mln units	China	20.177731
2020	mln units	Hong Kong	0.030242982098365
2020	mln units	India	2.433473
2020	mln units	Indonesia	0.388925
2020	mln units	Iraq	0.0698978444475628
2020	mln units	Iran	0.837673582122379
2020	mln units	Israel	0.202455
2020	mln units	Japan	3.809981
2020	mln units	Jordan	0.0139999165847153
2020	mln units	Kazakhstan	0.082993
2020	mln units	Kyrgyzstan	0.0015411732494838
2020	mln units	Kuwait	0.072648
2020	mln units	Laos	0.00406396762754872
2020	mln units	Lebanon	0.0220870927151624
2020	mln units	Malaysia	0.480965
2020	mln units	Mongolia	0.0020381671559191
2020	mln units	Myanmar	0.0071667360322641
2020	mln units	Nepal	0.00733756802175352
2020	mln units	New Caledonia	0.00578845249314296
2020	mln units	New Zealand	0.080433
2020	mln units	Oman	0.049923985436544
2020	mln units	Pakistan	0.104387
2020	mln units	Palestine	0.000109003703626968
2020	mln units	Philippines	0.153833
2020	mln units	Qatar	0.0396789137004495
2020	mln units	Saudi Arabia	0.387709
2020	mln units	Singapore	0.076476515683965
2020	mln units	South Korea	1.618333
2020	mln units	Sri Lanka	0.010593021962688
2020	mln units	Syria	0.0111568645373578
2020	mln units	Tajikistan	0.00219995846859106
2020	mln units	Tahiti	0.00537399869277942
2020	mln units	Taiwan	0.408628
2020	mln units	Thailand	0.343494
2020	mln units	Turkmenistan	0.0052124712594826
2020	mln units	United Arab Emirates	0.129901
2020	mln units	Uzbekistan	0.14625
2020	mln units	Vietnam	0.217193
2020	mln units	Yemen	0.000552000002763621
2020	mln units	Algeria	0.119189203235105
2020	mln units	Angola	0.00207997440514772
2020	mln units	Botswana	0.00105003506152877
2020	mln units	Burkina Faso	0.000536697393291296
2020	mln units	Burundi	1.00000000404875e-05
2020	mln units	Cameroon	0.00152900000009036
2020	mln units	Democratic Republic of the Congo	0.000345990393654297
2020	mln units	Egypt	0.167792
2020	mln units	Gabon	0.00127797126559967
2020	mln units	Ghana	0.0035097526480586
2020	mln units	Ivory Coast	0.00640868445715241
2020	mln units	Kenya	0.00280635829102701
2020	mln units	Liberia	0.000133797881659495
2020	mln units	Libya	0.0154615358916701
2020	mln units	Madagascar	0.00109437155515451
2020	mln units	Malawi	0.00119403309088002
2020	mln units	Mauritius	0.00778934434111867
2020	mln units	Morocco	0.117046
2020	mln units	Nigeria	0.00601430378276665
2020	mln units	Reunion	0.0275558610861026
2020	mln units	Senegal	0.0034841671762122
2020	mln units	South Africa	0.246541
2020	mln units	Sudan	0.000996014623931171
2020	mln units	Tanzania	0.000849514059196384
2020	mln units	Tunisia	0.0354183669353596
2020	mln units	Uganda	0.00083019713898729
2020	mln units	Zambia	0.00110077579465969
2020	mln units	Zimbabwe	0.000532037414974928
2021	mln units	Austria	0.239803
2021	mln units	Belgium	0.383123
2021	mln units	Bulgaria	0.024537
2021	mln units	Croatia	0.044929
2021	mln units	Czech Republic	0.206876
2021	mln units	Denmark	0.185324
2021	mln units	Finland	0.098481
2021	mln units	France	1.659005
2021	mln units	Germany	2.622132
2021	mln units	Greece	0.100916
2021	mln units	Hungary	0.12192
2021	mln units	Ireland	0.104669
2021	mln units	Italy	1.45803
2021	mln units	Netherlands	0.322323
2021	mln units	Norway	0.176276
2021	mln units	Poland	0.446647
2021	mln units	Portugal	0.146637
2021	mln units	Romania	0.119817
2021	mln units	Slovakia	0.0757
2021	mln units	Spain	0.85948
2021	mln units	Sweden	0.301006
2021	mln units	Switzerland	0.238481
2021	mln units	United Kingdom	1.647181
2021	mln units	Iceland	0.0118943053381977
2021	mln units	Luxembourg	0.0535214462187486
2021	mln units	Cyprus	0.0124380697061594
2021	mln units	Estonia	0.0321314162885907
2021	mln units	Latvia	0.0167574397903502
2021	mln units	Lithuania	0.0431079268784295
2021	mln units	Malta	0.00770256390911392
2021	mln units	Slovenia	0.053988
2021	mln units	Albania	0.002658942702099
2021	mln units	Armenia	0.000970023028135228
2021	mln units	Belarus	0.056591169632853
2021	mln units	Bosnia	0.0112491588483086
2021	mln units	Georgia	0.0035110317681428
2021	mln units	Macedonia	0.00401045063394453
2021	mln units	Moldavia	0.00639012405386501
2021	mln units	Russia	1.483444
2021	mln units	Serbia	0.0255138472093556
2021	mln units	Turkey	0.561853
2021	mln units	Ukraine	0.103262
2021	mln units	Canada	0.320605
2021	mln units	Mexico	0.520112
2021	mln units	United States	3.35005
2021	mln units	Argentina	0.240671
2021	mln units	Bahamas	0.00210631899970259
2021	mln units	Belize	0.000350059168953909
2021	mln units	Bolivia	0.0270354917441308
2021	mln units	Brazil	1.558467
2021	mln units	Chile	0.304045
2021	mln units	Colombia	0.200914
2021	mln units	Costa Rica	0.0308252545212432
2021	mln units	Cuba	0.00258423743627924
2021	mln units	Dominican Republic	0.00527964258228401
2021	mln units	Ecuador	0.08674
2021	mln units	El Salvador	0.00649344002546546
2021	mln units	Guadeloupe	0.0167410238548536
2021	mln units	Guatemala	0.0134070953736801
2021	mln units	Guyana	0.00544999229343127
2021	mln units	Honduras	0.0095080813784705
2021	mln units	Jamaica	0.00512645408076608
2021	mln units	Martinique	0.0158529504503946
2021	mln units	Nicaragua	0.00381986018292942
2021	mln units	Panama	0.0390487348506546
2021	mln units	Paraguay	0.0211391077513867
2021	mln units	Peru	0.111436
2021	mln units	Puerto Rico	0.085486
2021	mln units	Trinidad	0.00921145477006313
2021	mln units	Uruguay	0.0300634332102199
2021	mln units	Venezuela	0.00287699010577812
2021	mln units	Australia	0.753256
2021	mln units	Azerbaijan	0.00604571526083914
2021	mln units	Bahrain	0.0263725512996901
2021	mln units	Bangladesh	0.00299997493932148
2021	mln units	Brunei	0.0137770726694366
2021	mln units	Cambodia	0.00127495353675947
2021	mln units	China	21.518324
2021	mln units	Hong Kong	0.030242982098365
2021	mln units	India	3.082279
2021	mln units	Indonesia	0.659809
2021	mln units	Iraq	0.0886930228732099
2021	mln units	Iran	0.837673582122379
2021	mln units	Israel	0.280042
2021	mln units	Japan	3.675698
2021	mln units	Jordan	0.0139999165847153
2021	mln units	Kazakhstan	0.106304
2021	mln units	Kyrgyzstan	0.0015411732494838
2021	mln units	Kuwait	0.08346
2021	mln units	Laos	0.00406396762754872
2021	mln units	Lebanon	0.0220870927151624
2021	mln units	Malaysia	0.452663
2021	mln units	Mongolia	0.0020381671559191
2021	mln units	Myanmar	0.0071667360322641
2021	mln units	Nepal	0.00778778116602867
2021	mln units	New Caledonia	0.00578845249314296
2021	mln units	New Zealand	0.112008
2021	mln units	Oman	0.049923985436544
2021	mln units	Pakistan	0.198921
2021	mln units	Palestine	0.000109003703626968
2021	mln units	Philippines	0.180642
2021	mln units	Qatar	0.0396789137004495
2021	mln units	Saudi Arabia	0.475837
2021	mln units	Singapore	0.076476515683965
2021	mln units	South Korea	1.468873
2021	mln units	Sri Lanka	0.010593021962688
2021	mln units	Syria	0.0111568645373578
2021	mln units	Tajikistan	0.00219995846859106
2021	mln units	Tahiti	0.00537399869277942
2021	mln units	Taiwan	0.382
2021	mln units	Thailand	0.3122
2021	mln units	Turkmenistan	0.0052124712594826
2021	mln units	United Arab Emirates	0.15678
2021	mln units	Uzbekistan	0.138377
2021	mln units	Vietnam	0.207693
2021	mln units	Yemen	0.000552000002763621
2021	mln units	Algeria	0.119189203235105
2021	mln units	Angola	0.00207997440514772
2021	mln units	Botswana	0.00105003506152877
2021	mln units	Burkina Faso	0.000536697393291296
2021	mln units	Burundi	1.00000000404875e-05
2021	mln units	Cameroon	0.00152900000009036
2021	mln units	Democratic Republic of the Congo	0.000345990393654297
2021	mln units	Egypt	0.215072
2021	mln units	Gabon	0.00127797126559967
2021	mln units	Ghana	0.0035097526480586
2021	mln units	Ivory Coast	0.00670987576392862
2021	mln units	Kenya	0.00280635829102701
2021	mln units	Liberia	0.000133797881659495
2021	mln units	Libya	0.0154615358916701
2021	mln units	Madagascar	0.00109437155515451
2021	mln units	Malawi	0.00119403309088002
2021	mln units	Mauritius	0.00778934434111867
2021	mln units	Morocco	0.154284
2021	mln units	Nigeria	0.00601430378276665
2021	mln units	Reunion	0.0275558610861026
2021	mln units	Senegal	0.0034841671762122
2021	mln units	South Africa	0.30434
2021	mln units	Sudan	0.000996014623931171
2021	mln units	Tanzania	0.000849514059196384
2021	mln units	Tunisia	0.0354183669353596
2021	mln units	Uganda	0.00083019713898729
2021	mln units	Zambia	0.00110077579465969
2021	mln units	Zimbabwe	0.000532037414974928
2022	mln units	Austria	0.21505
2022	mln units	Belgium	0.366333
2022	mln units	Bulgaria	0.028684
2022	mln units	Croatia	0.042955
2022	mln units	Czech Republic	0.192087
2022	mln units	Denmark	0.148293
2022	mln units	Finland	0.081674
2022	mln units	France	1.529035
2022	mln units	Germany	2.651357
2022	mln units	Greece	0.105283
2022	mln units	Hungary	0.111524
2022	mln units	Ireland	0.105398
2022	mln units	Italy	1.316919
2022	mln units	Netherlands	0.312497
2022	mln units	Norway	0.174329
2022	mln units	Poland	0.419749
2022	mln units	Portugal	0.157076
2022	mln units	Romania	0.129328
2022	mln units	Slovakia	0.078841
2022	mln units	Spain	0.813376
2022	mln units	Sweden	0.288087
2022	mln units	Switzerland	0.225934
2022	mln units	United Kingdom	1.614063
2022	mln units	Iceland	0.0118943053381977
2022	mln units	Luxembourg	0.0535214462187486
2022	mln units	Cyprus	0.0124380697061594
2022	mln units	Estonia	0.0321314162885907
2022	mln units	Latvia	0.0167574397903502
2022	mln units	Lithuania	0.0431079268784295
2022	mln units	Malta	0.00770256390911392
2022	mln units	Slovenia	0.046339
2022	mln units	Albania	0.002658942702099
2022	mln units	Armenia	0.000970023028135228
2022	mln units	Belarus	0.056591169632853
2022	mln units	Bosnia	0.0112491588483086
2022	mln units	Georgia	0.0035110317681428
2022	mln units	Macedonia	0.00401045063394453
2022	mln units	Moldavia	0.00639012405386501
2022	mln units	Russia	0.629923
2022	mln units	Serbia	0.0255138472093556
2022	mln units	Turkey	0.59266
2022	mln units	Ukraine	0.037891
2022	mln units	Canada	0.258483
2022	mln units	Mexico	0.486962
2022	mln units	United States	2.858575
2022	mln units	Argentina	0.260822
2022	mln units	Bahamas	0.00210631899970259
2022	mln units	Belize	0.000350059168953909
2022	mln units	Bolivia	0.0285842532915429
2022	mln units	Brazil	1.576662
2022	mln units	Chile	0.313589
2022	mln units	Colombia	0.20816
2022	mln units	Costa Rica	0.0308252545212432
2022	mln units	Cuba	0.00258423743627924
2022	mln units	Dominican Republic	0.00527964258228401
2022	mln units	Ecuador	0.100069
2022	mln units	El Salvador	0.00649344002546546
2022	mln units	Guadeloupe	0.0167410238548536
2022	mln units	Guatemala	0.0134070953736801
2022	mln units	Guyana	0.00544999229343127
2022	mln units	Honduras	0.0095080813784705
2022	mln units	Jamaica	0.00512645408076608
2022	mln units	Martinique	0.0158529504503946
2022	mln units	Nicaragua	0.00381986018292942
2022	mln units	Panama	0.0390487348506546
2022	mln units	Paraguay	0.0211391077513867
2022	mln units	Peru	0.118915
2022	mln units	Puerto Rico	0.090911
2022	mln units	Trinidad	0.00921145477006313
2022	mln units	Uruguay	0.0300634332102199
2022	mln units	Venezuela	0.00287699010577812
2022	mln units	Australia	0.777688
2022	mln units	Azerbaijan	0.00604571526083914
2022	mln units	Bahrain	0.0263725512996901
2022	mln units	Bangladesh	0.00299997493932148
2022	mln units	Brunei	0.0137770726694366
2022	mln units	Cambodia	0.00127495353675947
2022	mln units	China	23.563287
2022	mln units	Hong Kong	0.030242982098365
2022	mln units	India	3.792444
2022	mln units	Indonesia	0.783563
2022	mln units	Iraq	0.107488201298857
2022	mln units	Iran	0.837673582122379
2022	mln units	Israel	0.257743
2022	mln units	Japan	3.448297
2022	mln units	Jordan	0.0139999165847153
2022	mln units	Kazakhstan	0.097169
2022	mln units	Kyrgyzstan	0.0015411732494838
2022	mln units	Kuwait	0.093465
2022	mln units	Laos	0.00406396762754872
2022	mln units	Lebanon	0.0220870927151624
2022	mln units	Malaysia	0.544838
2022	mln units	Mongolia	0.0020381671559191
2022	mln units	Myanmar	0.0071667360322641
2022	mln units	Nepal	0.00823799431030381
2022	mln units	New Caledonia	0.00578845249314296
2022	mln units	New Zealand	0.116122
2022	mln units	Oman	0.049923985436544
2022	mln units	Pakistan	0.188318
2022	mln units	Palestine	0.000109003703626968
2022	mln units	Philippines	0.226403
2022	mln units	Qatar	0.0396789137004495
2022	mln units	Saudi Arabia	0.519485
2022	mln units	Singapore	0.076476515683965
2022	mln units	South Korea	1.420486
2022	mln units	Sri Lanka	0.010593021962688
2022	mln units	Syria	0.0111568645373578
2022	mln units	Tajikistan	0.00219995846859106
2022	mln units	Tahiti	0.00537399869277942
2022	mln units	Taiwan	0.375841
2022	mln units	Thailand	0.343349
2022	mln units	Turkmenistan	0.0052124712594826
2022	mln units	United Arab Emirates	0.171414
2022	mln units	Uzbekistan	0.15375
2022	mln units	Vietnam	0.283352
2022	mln units	Yemen	0.000552000002763621
2022	mln units	Algeria	0.119189203235105
2022	mln units	Angola	0.00207997440514772
2022	mln units	Botswana	0.00105003506152877
2022	mln units	Burkina Faso	0.000536697393291296
2022	mln units	Burundi	1.00000000404875e-05
2022	mln units	Cameroon	0.00152900000009036
2022	mln units	Democratic Republic of the Congo	0.000345990393654297
2022	mln units	Egypt	0.133857
2022	mln units	Gabon	0.00127797126559967
2022	mln units	Ghana	0.0035097526480586
2022	mln units	Ivory Coast	0.00701106707070484
2022	mln units	Kenya	0.00280635829102701
2022	mln units	Liberia	0.000133797881659495
2022	mln units	Libya	0.0154615358916701
2022	mln units	Madagascar	0.00109437155515451
2022	mln units	Malawi	0.00119403309088002
2022	mln units	Mauritius	0.00778934434111867
2022	mln units	Morocco	0.143265
2022	mln units	Nigeria	0.00601430378276665
2022	mln units	Reunion	0.0275558610861026
2022	mln units	Senegal	0.0034841671762122
2022	mln units	South Africa	0.36339
2022	mln units	Sudan	0.000996014623931171
2022	mln units	Tanzania	0.000849514059196384
2022	mln units	Tunisia	0.0354183669353596
2022	mln units	Uganda	0.00083019713898729
2022	mln units	Zambia	0.00110077579465969
2022	mln units	Zimbabwe	0.000532037414974928
2023	mln units	Austria	0.23915
2023	mln units	Belgium	0.476674
2023	mln units	Bulgaria	0.035764
2023	mln units	Croatia	0.057694
2023	mln units	Czech Republic	0.221419
2023	mln units	Denmark	0.172798
2023	mln units	Finland	0.087509
2023	mln units	France	1.774723
2023	mln units	Germany	2.844609
2023	mln units	Greece	0.134484
2023	mln units	Hungary	0.10772
2023	mln units	Ireland	0.12231
2023	mln units	Italy	1.565331
2023	mln units	Netherlands	0.372156
2023	mln units	Norway	0.126953
2023	mln units	Poland	0.475032
2023	mln units	Portugal	0.199623
2023	mln units	Romania	0.142791
2023	mln units	Slovakia	0.088003
2023	mln units	Spain	0.949359
2023	mln units	Sweden	0.289827
2023	mln units	Switzerland	0.252214
2023	mln units	United Kingdom	1.903054
2023	mln units	Iceland	0.0118943053381977
2023	mln units	Luxembourg	0.0535214462187486
2023	mln units	Cyprus	0.0124380697061594
2023	mln units	Estonia	0.0321314162885907
2023	mln units	Latvia	0.0167574397903502
2023	mln units	Lithuania	0.0431079268784295
2023	mln units	Malta	0.00770256390911392
2023	mln units	Slovenia	0.0486440420798964
2023	mln units	Albania	0.002658942702099
2023	mln units	Armenia	0.000970023028135228
2023	mln units	Belarus	0.056591169632853
2023	mln units	Bosnia	0.0112491588483086
2023	mln units	Georgia	0.0035110317681428
2023	mln units	Macedonia	0.00401045063394453
2023	mln units	Moldavia	0.00639012405386501
2023	mln units	Russia	1.049917
2023	mln units	Serbia	0.0255138472093556
2023	mln units	Turkey	0.967341
2023	mln units	Ukraine	0.060862
2023	mln units	Canada	0.262159
2023	mln units	Mexico	0.598091
2023	mln units	United States	3.116647
2023	mln units	Argentina	0.274728
2023	mln units	Bahamas	0.00210631899970259
2023	mln units	Belize	0.000350059168953909
2023	mln units	Bolivia	0.030133014838955
2023	mln units	Brazil	1.7214
2023	mln units	Chile	0.218642
2023	mln units	Colombia	0.144633
2023	mln units	Costa Rica	0.0308252545212432
2023	mln units	Cuba	0.00258423743627924
2023	mln units	Dominican Republic	0.00527964258228401
2023	mln units	Ecuador	0.098018
2023	mln units	El Salvador	0.00649344002546546
2023	mln units	Guadeloupe	0.0167410238548536
2023	mln units	Guatemala	0.0134070953736801
2023	mln units	Guyana	0.00544999229343127
2023	mln units	Honduras	0.0095080813784705
2023	mln units	Jamaica	0.00512645408076608
2023	mln units	Martinique	0.0158529504503946
2023	mln units	Nicaragua	0.00381986018292942
2023	mln units	Panama	0.0390487348506546
2023	mln units	Paraguay	0.0211391077513867
2023	mln units	Peru	0.116724
2023	mln units	Puerto Rico	0.096319
2023	mln units	Trinidad	0.00921145477006313
2023	mln units	Uruguay	0.0300634332102199
2023	mln units	Venezuela	0.00287699010577812
2023	mln units	Australia	0.890823
2023	mln units	Azerbaijan	0.00604571526083914
2023	mln units	Bahrain	0.0263725512996901
2023	mln units	Bangladesh	0.00299997493932148
2023	mln units	Brunei	0.0137770726694366
2023	mln units	Cambodia	0.00127495353675947
2023	mln units	China	26.062824
2023	mln units	Hong Kong	0.030242982098365
2023	mln units	India	4.1016
2023	mln units	Indonesia	0.779326
2023	mln units	Iraq	0.126283379724504
2023	mln units	Iran	0.837673582122379
2023	mln units	Israel	0.270433
2023	mln units	Japan	3.992727
2023	mln units	Jordan	0.0139999165847153
2023	mln units	Kazakhstan	0.164
2023	mln units	Kyrgyzstan	0.0015411732494838
2023	mln units	Kuwait	0.112969
2023	mln units	Laos	0.00406396762754872
2023	mln units	Lebanon	0.0220870927151624
2023	mln units	Malaysia	0.604
2023	mln units	Mongolia	0.0020381671559191
2023	mln units	Myanmar	0.0071667360322641
2023	mln units	Nepal	0.00868820745457896
2023	mln units	New Caledonia	0.00578845249314296
2023	mln units	New Zealand	0.11023
2023	mln units	Oman	0.049923985436544
2023	mln units	Pakistan	0.058562
2023	mln units	Palestine	0.000109003703626968
2023	mln units	Philippines	0.282507
2023	mln units	Qatar	0.0396789137004495
2023	mln units	Saudi Arabia	0.645723
2023	mln units	Singapore	0.076476515683965
2023	mln units	South Korea	1.489363
2023	mln units	Sri Lanka	0.010593021962688
2023	mln units	Syria	0.0111568645373578
2023	mln units	Tajikistan	0.00219995846859106
2023	mln units	Tahiti	0.00537399869277942
2023	mln units	Taiwan	0.3728
2023	mln units	Thailand	0.406501
2023	mln units	Turkmenistan	0.0052124712594826
2023	mln units	United Arab Emirates	0.225386
2023	mln units	Uzbekistan	0.146456
2023	mln units	Vietnam	0.290071
2023	mln units	Yemen	0.000552000002763621
2023	mln units	Algeria	0.119189203235105
2023	mln units	Angola	0.00207997440514772
2023	mln units	Botswana	0.00105003506152877
2023	mln units	Burkina Faso	0.000536697393291296
2023	mln units	Burundi	1.00000000404875e-05
2023	mln units	Cameroon	0.00152900000009036
2023	mln units	Democratic Republic of the Congo	0.000345990393654297
2023	mln units	Egypt	0.069175
2023	mln units	Gabon	0.00127797126559967
2023	mln units	Ghana	0.0035097526480586
2023	mln units	Ivory Coast	0.00731225837748106
2023	mln units	Kenya	0.00280635829102701
2023	mln units	Liberia	0.000133797881659495
2023	mln units	Libya	0.0154615358916701
2023	mln units	Madagascar	0.00109437155515451
2023	mln units	Malawi	0.00119403309088002
2023	mln units	Mauritius	0.00778934434111867
2023	mln units	Morocco	0.145218
2023	mln units	Nigeria	0.00601430378276665
2023	mln units	Reunion	0.0275558610861026
2023	mln units	Senegal	0.0034841671762122
2023	mln units	South Africa	0.347388
2023	mln units	Sudan	0.000996014623931171
2023	mln units	Tanzania	0.000849514059196384
2023	mln units	Tunisia	0.0354183669353596
2023	mln units	Uganda	0.00083019713898729
2023	mln units	Zambia	0.00110077579465969
2023	mln units	Zimbabwe	0.000532037414974928
2024	mln units	Austria	0.239147576741942
2024	mln units	Belgium	0.469457872745262
2024	mln units	Bulgaria	0.0357632916759366
2024	mln units	Croatia	0.0573927312924191
2024	mln units	Czech Republic	0.221416059486034
2024	mln units	Denmark	0.171591674590735
2024	mln units	Finland	0.0878363421178779
2024	mln units	France	1.76987559607038
2024	mln units	Germany	2.80016403380858
2024	mln units	Greece	0.134481079203102
2024	mln units	Hungary	0.10772038058787
2024	mln units	Ireland	0.118882444456203
2024	mln units	Italy	1.56530608008189
2024	mln units	Netherlands	0.354451878267813
2024	mln units	Norway	0.14835636501997
2024	mln units	Poland	0.475026451150991
2024	mln units	Portugal	0.199618420017516
2024	mln units	Romania	0.142789653148225
2024	mln units	Slovakia	0.0880020795545854
2024	mln units	Spain	0.949345398348132
2024	mln units	Sweden	0.289826825790273
2024	mln units	Switzerland	0.249239653649758
2024	mln units	United Kingdom	1.90302509819465
2024	mln units	Iceland	0.0118943053381977
2024	mln units	Luxembourg	0.0535198808632259
2024	mln units	Cyprus	0.0124380697061594
2024	mln units	Estonia	0.0321314162885907
2024	mln units	Latvia	0.0167564865345007
2024	mln units	Lithuania	0.0431079268784295
2024	mln units	Malta	0.00770256389166923
2024	mln units	Slovenia	0.048631047857737
2024	mln units	Albania	0.002658949477018
2024	mln units	Armenia	0.000970023028135228
2024	mln units	Belarus	0.056591169632853
2024	mln units	Bosnia	0.0112429572160823
2024	mln units	Georgia	0.00340281261741985
2024	mln units	Macedonia	0.00401044685484029
2024	mln units	Moldavia	0.00639012405093803
2024	mln units	Russia	1.00169390164688
2024	mln units	Serbia	0.0255138472093556
2024	mln units	Turkey	0.856121799964013
2024	mln units	Ukraine	0.0594692388913616
2024	mln units	Canada	0.262158632900885
2024	mln units	Mexico	0.598079880636109
2024	mln units	United States	3.11662119375189
2024	mln units	Argentina	0.274726603813363
2024	mln units	Bahamas	0.00210644545797505
2024	mln units	Belize	0.000350059206828422
2024	mln units	Bolivia	0.0316882859875763
2024	mln units	Brazil	1.72713709673784
2024	mln units	Chile	0.255832131522228
2024	mln units	Colombia	0.169557242998351
2024	mln units	Costa Rica	0.0308252545212432
2024	mln units	Cuba	0.00258423098063946
2024	mln units	Dominican Republic	0.00528896812134324
2024	mln units	Ecuador	0.0894524164575279
2024	mln units	El Salvador	0.006493440241006
2024	mln units	Guadeloupe	0.0167410238548536
2024	mln units	Guatemala	0.0134070953736801
2024	mln units	Guyana	0.00544999229343127
2024	mln units	Honduras	0.0095080813784705
2024	mln units	Jamaica	0.00512645354387011
2024	mln units	Martinique	0.0158529504503946
2024	mln units	Nicaragua	0.00381743189825935
2024	mln units	Panama	0.0390487348506546
2024	mln units	Paraguay	0.0211391077513867
2024	mln units	Peru	0.116724222466293
2024	mln units	Puerto Rico	0.095230159044293
2024	mln units	Trinidad	0.00941144528258908
2024	mln units	Uruguay	0.0296452052097191
2024	mln units	Venezuela	0.00287698715248642
2024	mln units	Australia	0.885128481470504
2024	mln units	Azerbaijan	0.00604571526083914
2024	mln units	Bahrain	0.0263728853556758
2024	mln units	Bangladesh	0.00299997493932148
2024	mln units	Brunei	0.0137770726694366
2024	mln units	Cambodia	0.00127495353675947
2024	mln units	China	27.1678916972949
2024	mln units	Hong Kong	0.0302429211860348
2024	mln units	India	4.293589184307
2024	mln units	Indonesia	0.762715058256019
2024	mln units	Iraq	0.145078558150151
2024	mln units	Iran	0.837488374703395
2024	mln units	Israel	0.266096854845293
2024	mln units	Japan	3.82691143076917
2024	mln units	Jordan	0.0139999165847153
2024	mln units	Kazakhstan	0.163993307701865
2024	mln units	Kyrgyzstan	0.00154113499574159
2024	mln units	Kuwait	0.112967046556823
2024	mln units	Laos	0.00406396761591248
2024	mln units	Lebanon	0.0220870927151624
2024	mln units	Malaysia	0.603994072705643
2024	mln units	Mongolia	0.0020381533395815
2024	mln units	Myanmar	0.0071667360322641
2024	mln units	Nepal	0.00917140778344592
2024	mln units	New Caledonia	0.00578845211243396
2024	mln units	New Zealand	0.111019251603969
2024	mln units	Oman	0.049923985436544
2024	mln units	Pakistan	0.141041896897487
2024	mln units	Palestine	0.000109003703626968
2024	mln units	Philippines	0.282501387119248
2024	mln units	Qatar	0.0396789137004495
2024	mln units	Saudi Arabia	0.629265665936017
2024	mln units	Singapore	0.076476515683965
2024	mln units	South Korea	1.53986303060977
2024	mln units	Sri Lanka	0.0120905793517851
2024	mln units	Syria	0.0111568610628765
2024	mln units	Tajikistan	0.00219995846858733
2024	mln units	Tahiti	0.00537399869277942
2024	mln units	Taiwan	0.368244522976432
2024	mln units	Thailand	0.406494314761244
2024	mln units	Turkmenistan	0.00521246871579578
2024	mln units	United Arab Emirates	0.188564480823135
2024	mln units	Uzbekistan	0.146634910465309
2024	mln units	Vietnam	0.297218806831751
2024	mln units	Yemen	0.000552000002763621
2024	mln units	Algeria	0.121810967163227
2024	mln units	Angola	0.00207997440514281
2024	mln units	Botswana	0.00105003506152877
2024	mln units	Burkina Faso	0.000536697393071236
2024	mln units	Burundi	1.00000000404875e-05
2024	mln units	Cameroon	0.00152900000009036
2024	mln units	Democratic Republic of the Congo	0.000349048471240841
2024	mln units	Egypt	0.0903508862369767
2024	mln units	Gabon	0.00127797126559967
2024	mln units	Ghana	0.00350975108529361
2024	mln units	Ivory Coast	0.00762833341328236
2024	mln units	Kenya	0.00280587703944345
2024	mln units	Liberia	0.000132637281616048
2024	mln units	Libya	0.0154614849676132
2024	mln units	Madagascar	0.00109419638731232
2024	mln units	Malawi	0.00119450927974281
2024	mln units	Mauritius	0.00778934434818685
2024	mln units	Morocco	0.145094191519389
2024	mln units	Nigeria	0.00601430831281398
2024	mln units	Reunion	0.0275558610861026
2024	mln units	Senegal	0.00348416840729509
2024	mln units	South Africa	0.347389600250876
2024	mln units	Sudan	0.000996014623931171
2024	mln units	Tanzania	0.000849364630002476
2024	mln units	Tunisia	0.03550196195127
2024	mln units	Uganda	0.000830197138470474
2024	mln units	Zambia	0.00110077845408057
2024	mln units	Zimbabwe	0.000532037414974928
